Priorité;Tier;Établissement;Type;Gestionnaire;Statut;Adresse;CP;Arr.;Spécialités;Email;Email_OK;Source_email;Téléphone;Site/Contact;Accroche;Directeur;Salutation;Email_direction_verifie;Statut_ciblage
1;A — Prioritaire (privé HDG / RSS);EHPAD La Résidence de Sèvres;EHPAD;Domidep;privé commercial;81 bis rue Vaneau;75007;7e;47 chambres individuelles spacieuses, moyens/longs séjours;contact@residencedesevres.com;OUI;page contact residencedesevres.com — à confirmer;01 40 48 31 00;https://www.residencedesevres.com/fr/contact;Petit EHPAD de standing (47 chambres raffinées) à deux pas des Invalides et de Saint-Germain, pensé comme une résidence hôtelière intimiste dans le 7e.;;Madame, Monsieur,;;
1;A — Prioritaire (privé HDG / RSS);Résidence Seniors Les Hespérides Daumesnil;résidence services seniors;Les Hespérides (SOPREGIM);privé commercial;125 ter rue de Reuilly;75012;12e;89 logements (location/propriété), seniors actifs autonomes;sopregim@compass-group.fr;OUI;pagesjaunes.fr — exploitant SOPREGIM;01 40 19 08 89;residence.leshesperides.fr — Daumesnil;Résidence services pour retraités actifs autonomes, idéalement située dans le quartier résidentiel de Reuilly-Daumesnil.;;Madame, Monsieur,;;
1;A — Prioritaire (privé HDG / RSS);EHPAD Korian Champ-de-Mars;EHPAD;Korian (Clariane);privé commercial;64 rue de la Fédération;75015;15e;108 lits, 98 chambres climatisées, permanent + court séjour;reception.champdemars@korian.fr;OUI;format standard Korian reception.<site>@korian.fr — à reconfirmer;01 56 58 33 33;korian.fr — Korian Champ-de-Mars;Au pied de la tour Eiffel, vos 98 chambres climatisées sont un vrai atout de confort haut de gamme dans le 15e.;;Madame, Monsieur,;;
1;A — Prioritaire (privé HDG / RSS);EHPAD Maisons de Famille Villa Lecourbe;EHPAD;Maisons de Famille;privé commercial;286 rue Lecourbe;75015;15e;45 résidents, unité Alzheimer 8 lits, haut de gamme intimiste;lecourbe@maisonsdefamille.com;OUI;format <site>@maisonsdefamille.com — à reconfirmer sur la page établissement;01 72 36 11 00;https://www.maisonsdefamille.com/nos-mdr/villa-lecourbe/;Maison intimiste de seulement 45 résidents : un positionnement haut de gamme à taille familiale, rare à Paris.;Elena Khabi;Madame Khabi,;;
1;A — Prioritaire (privé HDG / RSS);EHPAD Résidence Castagnary;EHPAD;Emeis (ex-Orpea);privé commercial;102-108 rue Castagnary;75015;15e;>100 places, unité Alzheimer ~18 lits, proche parc G.-Brassens;castagnary@orpea.net;OUI;format historique <site>@orpea.net — à reconfirmer (formulaire emeis.fr);01 45 30 74 20;https://www.emeis.fr/maison-de-retraite-castagnary-paris-75;Idéalement placée près du parc Georges-Brassens, avec une unité protégée Alzheimer au sein du groupe Emeis.;Marion Marquet;Madame Marquet,;;
1;A — Prioritaire (privé HDG / RSS);EHPAD Les Terrasses de Mozart;EHPAD;Emeis (ex-Orpea);privé commercial;11 bis rue de la Source;75016;16e;88 places, permanent + court séjour, unité soins adaptés;mozart@orpea.net;OUI;format historique <site>@orpea.net — à reconfirmer (formulaire emeis.fr);NON TROUVÉ;https://www.emeis.fr/form/formulaire-de-contact;Au nord du Village d'Auteuil, un EHPAD haut de gamme Emeis avec unité protégée pour personnes désorientées.;;Madame, Monsieur,;;
1;A — Prioritaire (privé HDG / RSS);EHPAD Les Artistes de Batignolles;EHPAD;Emeis (ex-Orpea);privé commercial;5 rue René Blum;75017;17e;125 chambres médicalisées, ouvert 2016, quartier Clichy-Batignolles;batignolles@orpea.net;OUI;pagesjaunes.fr + annuaires concordants — format <site>@orpea.net, à reconfirmer;01 83 62 03 10;emeis.fr — Les Artistes de Batignolles;Résidence récente (2016) de 125 chambres au cœur du nouveau quartier Clichy-Batignolles, sur le thème des artistes.;Laure Crepy-Lelievre;Madame Crepy-Lelievre,;;
1;A — Prioritaire (privé HDG / RSS);EHPAD Résidence Assomption;EHPAD;Emeis (ex-Orpea);privé commercial;19 rue de l'Assomption;75016;16e;EHPAD quartier La Muette / Maison de la Radio, cadre calme;NON TROUVÉ;NON;;01 40 50 27 00;https://www.emeis.fr/form/formulaire-de-contact;EHPAD haut de gamme près de la Maison de la Radio, dans le quartier prisé de La Muette.;;Madame, Monsieur,;;
1;A — Prioritaire (privé HDG / RSS);EHPAD Résidence Chaillot;EHPAD;Emeis (ex-Orpea);privé commercial;15 rue Boissière;75016;16e;26 lits permanents, petite structure de proximité;NON TROUVÉ;NON;;01 89 16 15 00;https://www.emeis.fr/form/formulaire-de-contact;Petit EHPAD de seulement 26 lits rue Boissière, à deux pas de l'Étoile : un format confidentiel et exclusif.;;Madame, Monsieur,;;
1;A — Prioritaire (privé HDG / RSS);EHPAD Résidence Trocadéro;EHPAD;Emeis (ex-Orpea);privé commercial;7/9 bis rue du Bouquet de Longchamp;75116;16e;87 lits dont 21 unité soins adaptés, quartier Chaillot, ouvert 2018;NON TROUVÉ;NON;;01 40 60 38 30;https://www.emeis.fr/form/formulaire-de-contact;Établissement récent (2018) en plein cœur de Chaillot, avec une unité protégée de 21 lits, l'un des mieux notés du 16e.;;Madame, Monsieur,;;
1;A — Prioritaire (privé HDG / RSS);Résidence Seniors Les Hespérides Auteuil Chardon Lagache;résidence services seniors;Les Hespérides;privé commercial;32 rue Chardon Lagache;75016;16e;Très haut standing à taille familiale, accueil 7j/7, veilleurs de nuit;NON TROUVÉ;NON;;NON TROUVÉ;logement-seniors.com — Hespérides Auteuil Chardon Lagache;Résidence services de très haut standing à taille familiale, dans le quartier résidentiel d'Auteuil.;;Madame, Monsieur,;;
1;A — Prioritaire (privé HDG / RSS);Résidence Seniors Les Hespérides Auteuil Mirabeau;résidence services seniors;Les Hespérides;privé commercial;18 rue Mirabeau;75016;16e;Studios et appartements seniors actifs, accès sécurisés, hôtes 7j/7;NON TROUVÉ;NON;;NON TROUVÉ;mappy / pagesjaunes — Hespérides Auteuil Mirabeau;Résidence services pour seniors actifs rue Mirabeau, au cœur d'Auteuil, alternative non médicalisée à l'EHPAD.;;Madame, Monsieur,;;
1;A — Prioritaire (privé HDG / RSS);EHPAD Korian Monceau;EHPAD;Korian (Clariane);privé commercial;26 rue Médéric;75017;17e;98 lits, court séjour, unité Alzheimer, IDE de nuit, APA;NON TROUVÉ;NON;seul relationfamilles@korian.fr (groupe) disponible;01 42 12 95 95;korian.fr — Korian Monceau;À deux pas du parc Monceau, une maison Korian proposant court séjour et unité de vie Alzheimer avec présence infirmière de nuit.;;Madame, Monsieur,;;
1;A — Prioritaire (privé HDG / RSS);EHPAD Le Trèfle Bleu Cardinet;EHPAD;Le Trèfle Bleu (Résidences de Vie);privé commercial;152 rue Cardinet;75017;17e;24 chambres (<25 places), proche square des Batignolles;NON TROUVÉ;NON;;01 40 25 92 92;residencesdevie.fr — Le Trèfle Bleu;Un EHPAD à taille humaine (24 chambres seulement) près du square des Batignolles, idéal pour un accompagnement de proximité.;;Madame, Monsieur,;;
2;B — Fort potentiel (EHPAD privés);EHPAD Korian Magenta;EHPAD;Korian (Clariane);privé commercial;54 rue des Vinaigriers;75010;10e;77 lits permanents + 3 temporaires, unité Alzheimer protégée 22 lits;reception.magenta@korian.fr;OUI;annuaire.action-sociale.org (corroboré contact-ehpad.com, sanitaire-social.com);01 55 26 95 50;korian.fr — EHPAD Korian Magenta;Idéalement situé entre la place de la République et la Gare de l'Est, à deux pas du Canal Saint-Martin, votre établissement bénéficie d'un cadre de quartier parisien vivant rare pour un EHPAD.;Maryse Bellucci;Madame Bellucci,;;
2;B — Fort potentiel (EHPAD privés);EHPAD Dolcéa Les Ambassadeurs Nation;EHPAD;DomusVi (Dolcéa);privé commercial;125-127 rue de Montreuil;75011;11e;90 chambres dont 16 en unité protégée;dir-ambassadeurs-paris@dolcea.fr;OUI;ambassadeurs-paris.dolcea.fr/contacts-et-acces;01 44 93 33 40;https://ambassadeurs-paris.dolcea.fr/contacts-et-acces/;Résidence ouverte en 2010 à deux pas de la place de la Nation, dotée d'une unité protégée de 16 chambres et d'un secrétariat joignable 7j/7 pour les familles.;;Madame, Monsieur,;;
2;B — Fort potentiel (EHPAD privés);EHPAD Korian Les Arcades;EHPAD;Korian (Clariane);privé commercial;116 avenue Daumesnil;75012;12e;97 lits, unité protégée Alzheimer 30 lits, courts/longs séjours;reception.lesarcades@korian.fr;OUI;le-site-de-la-maison-de-retraite.com;01 43 46 26 00;korian.fr — EHPAD Korian Les Arcades;Situé en plein cœur de la Coulée verte (promenade plantée), dans le quartier rénové de Bercy, l'établissement offre aux résidents Alzheimer un environnement calme et arboré.;S. Ouzzani;Madame Ouzzani,;;
2;B — Fort potentiel (EHPAD privés);Résidence Services Seniors Alix (Fondation de Rothschild);résidence services seniors;Fondation de Rothschild;privé associatif/fondation;15 rue Lamblardie;75012;12e;72 studios + 6 deux-pièces, seniors autonomes;residence.service.direction@f-d-r.org;OUI;fondation-de-rothschild.fr — page établissement Alix;01 43 47 52 00;https://www.fondation-de-rothschild.fr/etablissements/residence-service-seniors-alix-retraites/;Cadre verdoyant et calme à deux pas de Nation et du bois de Vincennes, adossé aux établissements gériatriques de la Fondation de Rothschild.;;Madame, Monsieur,;;
2;B — Fort potentiel (EHPAD privés);EHPAD Résidence Jean-Baptiste Carpeaux;EHPAD;Groupe Sedna;privé commercial;197 rue Marcadet;75018;18e;95 lits, unité Alzheimer 11 places;carpeaux-paris@ehpad-sedna.fr;OUI;page contact ehpad-paris.fr + annuaires (pagesjaunes, sanitaire-social);01 85 73 66 53;https://www.ehpad-paris.fr/contact;Maison de retraite médicalisée du groupe Sedna sur la rue Marcadet, avec une unité Alzheimer dédiée.;Adrien Journel;Monsieur Journel,;;
2;B — Fort potentiel (EHPAD privés);EHPAD Résidence Edith Piaf;EHPAD;Emeis (ex-Orpea);privé commercial;50 rue des Bois;75019;19e;97 places, unité Alzheimer 13 places;edithpiaf@orpea.net;OUI;fiches annuaires (sanitaire-social) — ancien domaine @orpea.net, prudence;NON TROUVÉ;emeis.fr — Edith Piaf;Implantée face à l'hôpital Robert-Debré près de la Porte de Pantin, votre maison combine proximité hospitalière et unité Alzheimer dédiée - un positionnement très rassurant pour les familles.;;Madame, Monsieur,;;
2;B — Fort potentiel (EHPAD privés);EHPAD Résidence du Marais;EHPAD;Résidence du Marais (indépendant);privé commercial;11 bis rue Barbette;75003;3e;Petit EHPAD 31 chambres, séjours permanents/convalescence;NON TROUVÉ;NON;;01 53 01 39 39;https://www.residencemarais.com/;Un EHPAD à taille humaine (31 chambres) niché au cœur du Marais, rue Barbette, qui mise sur un cadre de vie intime et central plutôt que sur le volume.;;Madame, Monsieur,;;
2;B — Fort potentiel (EHPAD privés);EHPAD Les Parentèles de la Rue Blanche;EHPAD;Groupe Almage;privé commercial;49 rue Blanche;75009;9e;EHPAD 100% Alzheimer, 64 places permanent + 7 temporaire;NON TROUVÉ;NON;;NON TROUVÉ;https://les-parenteles-rue-blanche.fr/fr;Le seul EHPAD du 9e, entièrement dédié à la maladie d'Alzheimer : le groupe Almage y a fait de l'accompagnement des troubles cognitifs sa spécialité unique, en plein cœur de Paris.;;Madame, Monsieur,;;
2;B — Fort potentiel (EHPAD privés);EHPAD La Maison des Parents;EHPAD;Colisée;privé commercial;67 A rue du Château des Rentiers;75013;13e;117 lits, unité de vie protégée 20 lits, approche Montessori;NON TROUVÉ;NON;;01 53 79 91 91;https://colisee.fr/residences/maison-medicalisee-paris-la-maison-des-parents/;Vos équipes formées à la méthode Montessori et une grande ouverture sur les visites font de votre maison un lieu de vie particulièrement bienveillant.;;Madame, Monsieur,;;
2;B — Fort potentiel (EHPAD privés);EHPAD Résidence Les Gobelins;EHPAD;DomusVi;privé commercial;35 rue Le Brun;75013;13e;93 lits, unité protégée UPPD 33 lits, court séjour;NON TROUVÉ;NON;DomusVi via formulaire;01 44 08 38 00;https://www.domusvi.com/maisons-de-retraite/paris-75/residence-les-gobelins;Face à la Manufacture des Gobelins, votre résidence allie séjours permanents et courts séjours avec une unité protégée de 33 lits dans un quartier emblématique.;;Madame, Monsieur,;;
2;B — Fort potentiel (EHPAD privés);EHPAD Résidence Saint-Jacques;EHPAD;Emeis (ex-Orpea);privé commercial;3 passage Victor Marchand;75013;13e;2 unités Alzheimer (~32 lits) sur ~110-127 places, espaces verts;NON TROUVÉ;NON;;01 89 16 15 00;https://www.emeis.fr/maison-de-retraite-st-jacques-paris-75;Avec deux unités Alzheimer dédiées et des espaces verts, votre résidence du passage Victor Marchand offre une prise en charge complète au cœur du 13e.;;Madame, Monsieur,;;
2;B — Fort potentiel (EHPAD privés);EHPAD Korian Brune;EHPAD;Korian (Clariane);privé commercial;117 boulevard Brune;75014;14e;~99 lits, unité Alzheimer ~17, court séjour, balnéothérapie, restauration Gault&Millau;NON TROUVÉ;NON;seul relationfamilles@korian.fr (groupe) disponible;01 53 90 20 50;korian.fr — Korian Brune;Au cœur du quartier Brune, votre établissement combine balnéothérapie, espace multi-sensoriel et une restauration labellisée Gault&Millau.;;Madame, Monsieur,;;
2;B — Fort potentiel (EHPAD privés);EHPAD Korian Jardins d'Alésia;EHPAD;Korian (Clariane);privé commercial;187 bis avenue du Maine;75014;14e;102 lits, unité Alzheimer ~21, parc arboré privé sécurisé, ateliers thérapeutiques;NON TROUVÉ;NON;seul relationfamilles@korian.fr (groupe) disponible;01 53 90 28 28;korian.fr — Korian Jardins d'Alésia;Niché près de Denfert-Rochereau, votre établissement offre la rare combinaison d'un quartier vivant et d'un parc boisé privé et sécurisé en plein Paris.;;Madame, Monsieur,;;
2;B — Fort potentiel (EHPAD privés);EHPAD Résidence Club Le Montsouris;EHPAD;Résidence Club Le Montsouris (indépendant);privé commercial;18 bis rue d'Alésia;75014;14e;~31 chambres, semi-valides et dépendants, art-thérapie, ateliers mémoire;NON TROUVÉ;NON;;01 43 21 94 00;https://residence-club-le-montsouris.com/fr/notre-residence;Avec une trentaine de chambres seulement, votre résidence cultive un accompagnement personnalisé à taille humaine à deux pas du parc Montsouris.;;Madame, Monsieur,;;
2;B — Fort potentiel (EHPAD privés);EHPAD Résidence Tiers Temps Paris;EHPAD;DomusVi;privé commercial;24 rue Rémy Dumoncel;75014;14e;53 lits, permanent + court séjour, Alzheimer, médiation animale;NON TROUVÉ;NON;DomusVi via formulaire;01 40 64 18 20;https://www.tierstempsparis.com/se-rendre-a-la-residence;Établissement à taille humaine près du parc Montsouris, votre résidence propose aussi bien le court séjour que des ateliers de médiation animale appréciés des résidents.;;Madame, Monsieur,;;
2;B — Fort potentiel (EHPAD privés);EHPAD Résidence Les Issambres;EHPAD;DomusVi;privé commercial;111 boulevard Ney;75018;18e;98 places, unité Alzheimer 24, espace kinésithérapie;NON TROUVÉ;NON;DomusVi via formulaire;01 58 60 34 34;https://www.residencelesissambres.com/se-rendre-a-la-residence;Résidence DomusVi près du Sacré-Cœur, avec unité Alzheimer de 24 places et espace dédié à la kinésithérapie.;;Madame, Monsieur,;;
2;B — Fort potentiel (EHPAD privés);EHPAD Résidence Ornano (Les Intemporelles);EHPAD;DomusVi;privé commercial;10 rue Baudelique;75018;18e;~128 chambres, UPPD, PASA, balnéothérapie, espace multisensoriel;NON TROUVÉ;NON;DomusVi via formulaire;01 85 53 23 40;https://www.intemporellesornano.com/;EHPAD DomusVi doté d'un PASA, d'une salle de balnéothérapie et d'un espace multisensoriel pour l'accompagnement Alzheimer.;;Madame, Monsieur,;;
2;B — Fort potentiel (EHPAD privés);EHPAD Résidence Les Musiciens;EHPAD;Emeis (ex-Orpea);privé commercial;7-9 rue Germaine Tailleferre;75019;19e;Unité protégée Alzheimer, accueil autonomes à dépendants;NON TROUVÉ;NON;emeis.fr non fetchable;01 40 40 54 00;emeis.fr — Les Musiciens;Idéalement située près du Parc de la Villette et du Conservatoire, votre résidence joue déjà la carte du quartier des musiciens : un cadre culturel rare pour vos résidents.;;Madame, Monsieur,;;
2;B — Fort potentiel (EHPAD privés);EHPAD Résidence Océane;EHPAD;DomusVi;privé commercial;23 rue Raoul Wallenberg;75019;19e;106 lits dont 42 en unité protégée Alzheimer, cuisine sur place;NON TROUVÉ;NON;oceaneparis.com non fetchable (403);01 78 09 92 20;https://www.oceaneparis.com/;Avec 42 places sur 106 dédiées à l'unité protégée Alzheimer, l'Océane consacre près de la moitié de sa capacité aux troubles cognitifs : un vrai pôle d'expertise dans le 19e.;;Madame, Monsieur,;;
2;B — Fort potentiel (EHPAD privés);EHPAD Korian Les Amandiers;EHPAD;Korian (Clariane);privé commercial;5 rue des Cendriers;75020;20e;118 lits, unité de vie protégée, Snoezelen, kiné, ergothérapeute;NON TROUVÉ;NON;seul relationfamilles@korian.fr (groupe) disponible;01 43 58 90 00;korian.fr — Korian Les Amandiers;Au cœur du quartier des Amandiers/Ménilmontant, l'établissement gère la dépendance lourde et les troubles psychiatriques avec unité protégée.;;Madame, Monsieur,;;
2;B — Fort potentiel (EHPAD privés);EHPAD Korian Saint-Simon;EHPAD;Korian (Clariane);privé commercial;121-127 bis rue d'Avron;75020;20e;127 lits, unité Alzheimer, soins palliatifs, Parkinson, kiné;NON TROUVÉ;NON;seul relationfamilles@korian.fr (groupe) disponible;01 44 93 63 00;korian.fr — Korian Saint-Simon;Avec ses 127 lits et une expertise affichée en Parkinson et soins palliatifs, Saint-Simon est l'un des plus gros EHPAD privés du 20e.;;Madame, Monsieur,;;
2;B — Fort potentiel (EHPAD privés);EHPAD Korian Terrasses du XXème;EHPAD;Korian (Clariane);privé commercial;5 rue de l'Indre;75020;20e;Unité Alzheimer, espace Snoezelen, kiné, jardin/terrasse;NON TROUVÉ;NON;seul relationfamilles@korian.fr (groupe) disponible;01 44 62 36 00;korian.fr — Korian Terrasses du XXème;Comme son nom l'indique, votre établissement valorise ses terrasses et son jardin en plein 20e - un atout extérieur rare à Paris, complété par un espace Snoezelen.;;Madame, Monsieur,;;
3;C — Associatif/fondation;EHPAD Amitié et Partage;EHPAD;Chemins d'Espérance (assoc.);privé associatif/fondation;83 rue de Sèvres;75006;6e;73 lits, habilité aide sociale, forte vie bénévole;amitieetpartage@cheminsdesperance.org;OUI;annuaire/contact — à recouper (admission.paris@cheminsdesperance.org);01 44 37 34 99;https://www.cheminsdesperance.org/nos-etablissements/amitie-partage/;EHPAD associatif habilité à l'aide sociale à Saint-Germain-des-Prés, porté par Chemins d'Espérance et une vie associative forte autour du bénévolat intergénérationnel.;Christelle Tellier;Madame Tellier,;;
3;C — Associatif/fondation;EHPAD Résidence Antoine Portail;EHPAD;Association Monsieur Vincent;privé associatif/fondation;88 rue du Cherche-Midi;75006;6e;70 lits, PASA Alzheimer, équipe pluridisciplinaire;contact.antoineportail@monsieurvincent.org;OUI;format officiel groupe — à confirmer sur monsieurvincent.org;01 40 49 40 25;https://monsieurvincent.org/residences/residence-antoine-portail/;EHPAD de l'association Monsieur Vincent, héritière de l'œuvre vincentienne, rue du Cherche-Midi, avec un PASA dédié à l'accompagnement en douceur des troubles cognitifs.;Samia Houari;Madame Houari,;;
3;C — Associatif/fondation;EHPAD Bastille;EHPAD;VYV3 Île-de-France (Mutualité);privé associatif/fondation;24 rue Amelot;75011;11e;Unité protégée Cantou 16 lits, habilité aide sociale;accueil.ehpad-bastille@vyv3.fr;OUI;annuaire.action-sociale.org (recoupé VYV3/mutualité);01 88 40 32 00;annuaire-sante.vyv3.fr — EHPAD Bastille;Établissement mutualiste à but non lucratif géré par VYV3, ouvert en 2004 en plein cœur de Bastille, avec une unité protégée Cantou de 16 places.;;Madame, Monsieur,;;
3;C — Associatif/fondation;EHPAD Maison de Retraite Protestante de la Muette;EHPAD;Fondation Diaconesses de Reuilly;privé associatif/fondation;43 rue du Sergent Bauchat;75012;12e;88 places, accompagnement fin de vie, inspiration protestante;LaMuette@fondationdiaconesses.org;OUI;papyhappy.fr — fiche Protestante de la Muette;01 43 43 12 15;https://lesdiaconesses.org/maison-de-retraite-protestante-de-la-muette/;Fondée en 1856 à l'initiative du Consistoire réformé de Paris, La Muette porte la devise « Accueillir pour cheminer ensemble » et est installée face à l'hôpital des Diaconesses depuis 1894.;;Madame, Monsieur,;;
3;C — Associatif/fondation;EHPAD La Maison du Parc;EHPAD;Adef Résidences;privé associatif/fondation;81 bis rue de l'Amiral Mouchez;75013;13e;100 lits, unité Alzheimer protégée 36 lits;paris13@adefresidences.com;OUI;PagesJaunes (pros/53986511) + allbiz.fr;01 58 10 09 20;https://adef-residences.com/etablissement/perte-autonomie/la-maison-du-parc/;Avec 36 places sur 100 dédiées à une unité Alzheimer protégée, votre établissement associatif Adef se distingue par son fort engagement sur les troubles cognitifs.;Caroline Chaussard;Madame Chaussard,;dir.paris13@adefresidences.com;
3;C — Associatif/fondation;Maison de Retraite des Sœurs Augustines;EHPAD;Sœurs Augustines (groupe Adeodat);privé associatif/fondation;29 rue de la Santé;75013;13e;Unité Alzheimer / unité protégée;accueil@augustines-paris.fr;OUI;adeodat.fr / fiche établissement Sœurs Augustines;01 43 36 52 09;https://paris.adeodat.fr/contact/;Portée par la Congrégation des Sœurs Augustines, votre maison cultive une approche profondément humaine et spirituelle de l'accompagnement, dans un cadre paisible rue de la Santé.;;Madame, Monsieur,;;
3;C — Associatif/fondation;EHPAD Saint-Augustin;EHPAD;Assoc. Notre Dame de Bon Secours;privé associatif/fondation;68 rue des Plantes, Bât. B;75014;14e;EHPAD 100% Alzheimer, 98 lits, 3 unités protégées + UHR;ehpadsaintaugustin@ndbs.org;OUI;essentiel-autonomie.com (fiche EHPAD Saint Augustin 750047714);01 40 52 54 30;https://www.ndbs.org/etablissements/ehpad-saint-augustin/;Entièrement dédié à la maladie d'Alzheimer, votre établissement structure son accompagnement autour de trois unités protégées et d'une unité d'hébergement renforcée.;Astrid de Compiègne;Madame de Compiègne,;;
3;C — Associatif/fondation;EHPAD COS Jacques Barrot;EHPAD;Fondation COS Alexandre Glasberg;privé associatif/fondation;16 rue Gilbert Cesbron;75017;17e;100 chambres, unité protégée 16, hébergement temporaire répit, PASA 14;ehpadjbarrot@cos-asso.org;OUI;annuaire.action-sociale.org — fiche Jacques Barrot;01 43 13 10 01;https://www.fondationcos.org/residence-medicalisee-cos-jacques-barrot;Ouvert début 2016 au cœur de l'écoquartier Clichy-Batignolles, avec PASA et unité protégée pensés pour l'accompagnement Alzheimer.;Odile Meyer;Madame Meyer,;;
3;C — Associatif/fondation;EHPAD Centre Robert Doisneau;EHPAD;Fondation OVE;privé associatif/fondation;51 rue René Clair;75018;18e;EHPAD, métro Marcadet-Poissonniers;direction@fondation-ove.fr;OUI;site Fondation OVE — email de direction de la fondation gestionnaire;01 53 09 83 00;https://www.fondation-ove.fr/etablissements/ove-ehpad-centre-robert-doisneau/;EHPAD géré par la Fondation OVE, idéalement desservi par le métro Marcadet-Poissonniers dans le 18e.;;Madame, Monsieur,;;FERMÉ - exclure
3;C — Associatif/fondation;EHPAD Les Jardins de Montmartre;EHPAD;Univi;privé associatif/fondation;18 rue Pierre Picard;75018;18e;98 lits, Cantou Alzheimer 25 places;accueil.jardinsdemontmartre@univi.fr;OUI;ehpad.fr — fiche Les Jardins de Montmartre + annuaires concordants;01 42 57 84 84;univi.fr — Les Jardins de Montmartre;EHPAD du groupe Univi au pied de la Butte Montmartre, avec un Cantou Alzheimer de 25 places.;Cassandre Richard;Madame Richard,;;
3;C — Associatif/fondation;EHPAD Résidence Les Airelles;EHPAD;Univi;privé associatif/fondation;8-12 rue des Panoyaux;75020;20e;87 lits, quartier Ménilmontant, chambres PMR, animation (chorale, musicothérapie);accueil.lesairelles@univi.fr;OUI;recherche web — format @univi.fr, à reconfirmer;01 46 36 35 50;univi.fr — Les Airelles;En plein Ménilmontant, Les Airelles cultive une vie sociale animée (chorale, musicothérapie, jardinage) qui en fait une maison à taille humaine très appréciée.;;Madame, Monsieur,;;
3;C — Associatif/fondation;EHPAD Ma Maison Notre-Dame des Champs;EHPAD;Petites Sœurs des Pauvres;privé associatif/fondation;49 rue Notre-Dame des Champs;75006;6e;~66 lits + studios, accueil familial, habilité aide sociale;NON TROUVÉ;NON;;01 45 44 72 90;https://petitessoeursdespauvres.org/maison/paris-notre-dame-des-champs/;Maison tenue par les Petites Sœurs des Pauvres dans la tradition de Jeanne Jugan : une communauté religieuse et de nombreux bénévoles pour un accueil profondément familial.;;Madame, Monsieur,;;
3;C — Associatif/fondation;EHPAD COS Jeanne d'Arc;EHPAD;Fondation COS Alexandre Glasberg;privé associatif/fondation;21 rue du Général Bertrand;75007;7e;71 chambres, unité Alzheimer protégée 9 places, bâtiment 1917 rénové 2007;NON TROUVÉ;NON;;01 53 86 05 70;https://www.fondationcos.org/residence-medicalisee-cos-jeanne-darc;Établissement de la Fondation COS installé dans un édifice de 1917 (ancien foyer d'étudiantes) rénové en 2007, alliant histoire parisienne et unité Alzheimer protégée.;;Madame, Monsieur,;;
3;C — Associatif/fondation;EHPAD Ma Maison Breteuil;EHPAD;Petites Sœurs des Pauvres;privé associatif/fondation;62 avenue de Breteuil;75007;7e;48 lits + 18 studios, accueil familial, habilité aide sociale;NON TROUVÉ;NON;;01 45 67 97 05;https://petitessoeursdespauvres.org/maison/paris-breteuil/;Maison des Petites Sœurs des Pauvres avenue de Breteuil, dans la grande tradition de Jeanne Jugan : un accueil familial et bienveillant centré sur le partage et la convivialité.;;Madame, Monsieur,;;
3;C — Associatif/fondation;EHPAD Maison de Retraite et de Gériatrie Fondation de Rothschild;EHPAD;Fondation de Rothschild;privé associatif/fondation;76 rue de Picpus;75012;12e;Grande capacité, PASA, expertise Alzheimer, parc arboré;NON TROUVÉ;NON;;01 43 47 52 00;https://www.fondation-de-rothschild.fr/etablissements/maison-de-retraite-et-de-geriatrie-paris-12/;Installée au cœur du 12e dans un beau parc arboré, la maison de la Fondation de Rothschild a développé une expertise reconnue de la maladie d'Alzheimer.;;Madame, Monsieur,;;
3;C — Associatif/fondation;EHPAD Petites Sœurs des Pauvres — Ma Maison Picpus;EHPAD;Petites Sœurs des Pauvres;privé associatif/fondation;71 rue de Picpus;75012;12e;68 lits, reconstruit 2017, accueil familial;NON TROUVÉ;NON;;01 43 43 43 40;https://petitessoeursdespauvres.org/maison/paris-picpus/;"Les Petites Sœurs des Pauvres se sont installées rue de Picpus dès 1869 ; « Ma Maison » a rouvert en 2017 dans des locaux entièrement reconstruits.";;Madame, Monsieur,;;
3;C — Associatif/fondation;EHPAD Résidence Catherine Labouré;EHPAD;Association Monsieur Vincent;privé associatif/fondation;77 rue de Reuilly;75012;12e;106 lits, PASA 14 places;NON TROUVÉ;NON;;01 81 70 21 00;https://monsieurvincent.org/residences/residence-catherine-laboure/;Sur le site même où Sœur Catherine Labouré œuvra auprès des plus démunis jusqu'en 1876, la résidence porte un projet intergénérationnel reconnu.;;Madame, Monsieur,;;
3;C — Associatif/fondation;EHPAD Résidence La Pirandelle;EHPAD;OMEG'Âge Gestion;privé associatif/fondation;6 rue Pirandello;75013;13e;85 chambres individuelles, hébergement permanent;NON TROUVÉ;NON;;01 45 35 26 30;action-sociale.org — Résidence La Pirandelle;Avec 85 chambres individuelles et un tarif parmi les plus accessibles du 13e, votre résidence associative offre un cadre à taille humaine proche de la place d'Italie.;;Madame, Monsieur,;;
3;C — Associatif/fondation;EHPAD Notre-Dame de Bon Secours (Sainte-Monique);EHPAD;Assoc. Notre Dame de Bon Secours;privé associatif/fondation;66 rue des Plantes;75014;14e;130 places, unité Alzheimer ~21, unités ouvertes/protégées, permanent + temporaire;NON TROUVÉ;NON;;01 40 52 41 48;https://www.ndbs.org/;Avec 130 places organisées entre unités ouvertes et protégées, votre maison réserve un étage entier aux activités sociales et à la vie collective.;;Madame, Monsieur,;;
3;C — Associatif/fondation;Maison de Retraite Marie-Thérèse;EHPAD;Assoc. Marie-Thérèse (Diocèse de Paris);privé associatif/fondation;277 boulevard Raspail;75014;14e;~123 lits, unité Alzheimer + PASA, stimulation sensorielle, accueil de prêtres âgés;NON TROUVÉ;NON;;01 44 10 85 00;https://www.maisonmarietherese.fr/nous-contacter/;Maison de tradition diocésaine, votre établissement associatif accueille de nombreux prêtres âgés d'Île-de-France dans un cadre où priment l'écoute et le respect.;;Madame, Monsieur,;;
3;C — Associatif/fondation;EHPAD Grenelle;EHPAD;Chemins d'Espérance (assoc.);privé associatif/fondation;3-5 avenue Delecourt;75015;15e;124 places, PASA Alzheimer;NON TROUVÉ;NON;;NON TROUVÉ;action-sociale.org — Maison de retraite Grenelle;Grand EHPAD associatif (124 places) géré par Chemins d'Espérance, avec un PASA pour accompagner les troubles cognitifs.;;Madame, Monsieur,;;
3;C — Associatif/fondation;EHPAD La Source d'Auteuil;EHPAD;Chemins d'Espérance (assoc.);privé associatif/fondation;11 rue de la Source;75016;16e;88 lits dont 19 dédiées Alzheimer, ouvert 2005;NON TROUVÉ;NON;;01 55 74 27 00;action-sociale.org — EHPAD La Source d'Auteuil;EHPAD associatif (Chemins d'Espérance) au cœur d'Auteuil, avec 19 places dédiées à la maladie d'Alzheimer.;;Madame, Monsieur,;;
3;C — Associatif/fondation;EHPAD COS Alice Guy;EHPAD;Fondation COS Alexandre Glasberg;privé associatif/fondation;10 rue de Colmar;75019;19e;96 lits dont 23 unité Alzheimer, accueil de jour 15 places, 100% ASH;NON TROUVÉ;NON;fondationcos.org non fetchable (403);01 85 56 28 27;fondationcos.org — COS Alice Guy;Au bord du bassin de la Villette, Alice Guy associe résidence médicalisée et accueil de jour (15 places) - une offre complète qui aide à anticiper l'entrée en institution.;;Madame, Monsieur,;;
3;C — Associatif/fondation;EHPAD Les Jardins de Belleville;EHPAD;Univi;privé associatif/fondation;259 rue de Belleville;75019;19e;98 places, unité protégée 13, Snoezelen, balnéothérapie;NON TROUVÉ;NON;email masqué dans la recherche — à récupérer sur fiche Univi;01 83 97 70 00;univi.fr — Les Jardins de Belleville;Face à la station Télégraphe, vos Jardins de Belleville misent sur le bien-être sensoriel (Snoezelen, balnéothérapie) - une approche douce qui séduit particulièrement les familles.;;Madame, Monsieur,;;
3;C — Associatif/fondation;EHPAD Résidence Amaraggi;EHPAD;Fondation Casip-Cojasor;privé associatif/fondation;11 boulevard Sérurier;75019;19e;80 lits, Alzheimer, balnéothérapie, stimulation sensorielle, ateliers mémoire;NON TROUVÉ;NON;;NON TROUVÉ;pour-les-personnes-agees.gouv.fr — EHPAD Résidence Amaraggi;Gérée par la fondation Casip-Cojasor, Amaraggi propose un cadre confessionnel et culturel spécifique avec balnéothérapie et ateliers mémoire - une identité distinctive dans le 19e.;;Madame, Monsieur,;;
3;C — Associatif/fondation;EHPAD COS Hospitalité Familiale;EHPAD;Fondation COS Alexandre Glasberg;privé associatif/fondation;118-122 boulevard de Charonne;75020;20e;112 lits, UVP 14 + UHR 14, jardins thérapeutiques, balnéo, ouvert 2016;NON TROUVÉ;NON;fondationcos.org non fetchable (403);01 86 21 97 17;fondationcos.org — COS Hospitalité Familiale;Ouvert en 2016 à la frontière 11e/20e, cet établissement combine UVP et UHR (14+14 lits) : une rare double expertise sur les troubles du comportement sévères.;;Madame, Monsieur,;;
4;D — Public EHPAD / USLD;Résidence Autonomie Fondation de Rothschild (foyer-logement);résidence autonomie;Fondation de Rothschild;privé associatif/fondation;9 rue Lamblardie;75012;12e;89 logements (F1bis/F2), ouverte 1981, APA/ASH/APL;foyerlogement@f-d-r.org;OUI;etablissementsdesante.fr — Résidence Rothschild;01 43 47 52 00;https://www.fondation-de-rothschild.fr/;Foyer-logement historique de la Fondation de Rothschild (depuis 1981), au sein de son pôle gériatrique du quartier Picpus-Lamblardie.;;Madame, Monsieur,;;
4;D — Public EHPAD / USLD;EHPAD Alice Prin;EHPAD;CASVP;public;5 rue Maria Helena Vieira da Silva;75014;14e;112 chambres ouvertes sur jardin, habilité APL/aide sociale (ancien pavillon Broussais);casvp-ehpad-aliceprin@paris.fr;OUI;action-sociale.org + santeenfrance.fr (fiche Alice Prin);01 86 21 68 68;https://www.paris.fr/lieux/ehpad-alice-prin-casvp-18635;Installé dans l'ancien pavillon Gaudart d'Allaines de l'hôpital Broussais, votre EHPAD public propose 112 chambres lumineuses ouvertes sur jardin.;Fabienne Sabotier;Madame Sabotier,;;
4;D — Public EHPAD / USLD;EHPAD Résidence Furtado-Heine;EHPAD;CASVP;public;5-7 rue Jacquier;75014;14e;129 places, unité Alzheimer ~37, parc paysager 800 m², salle de kiné;casvp-ehpad-furtadoheine@paris.fr;OUI;dépliant officiel api-site.paris.fr + paris.fr;01 45 45 43 67;https://www.paris.fr/lieux/ehpad-furtado-heine-16524;Votre EHPAD se distingue par son parc paysager de 800 m² et sa longue terrasse couverte, un véritable îlot de verdure pour vos 129 résidents.;;Madame, Monsieur,;;
4;D — Public EHPAD / USLD;EHPAD Résidence Julie-Siegfried;EHPAD;CASVP;public;39-41 avenue Villemain;75014;14e;89 places, unité protégée 34 lits (désorientation/Alzheimer), habilité aide sociale;casvp-ehpad-juliesiegfried@paris.fr;OUI;dépliant officiel api-site.paris.fr + paris.fr;01 53 90 41 00;https://www.paris.fr/lieux/ehpad-julie-siegfried-casvp-16527;Votre résidence dédie une unité protégée de 34 lits à l'accompagnement spécifique des personnes désorientées.;;Madame, Monsieur,;;FERMÉ - exclure
4;D — Public EHPAD / USLD;EHPAD Résidence Santé Oasis;EHPAD;CASVP;public;11-15 rue Laghouat;75018;18e;119 places, 20 en unité de vie protégée, quartier Goutte d'Or;casvp-ehpad-oasis@paris.fr;OUI;pagesjaunes + dépliant officiel paris.fr de la résidence l'Oasis;NON TROUVÉ;https://www.paris.fr/lieux/ehpad-oasis-16526;EHPAD public de la Ville de Paris au cœur de la Goutte d'Or, avec une unité de vie protégée de 20 places.;Valérie Uhl;Madame Uhl,;;
4;D — Public EHPAD / USLD;EHPAD Résidence Hérold;EHPAD;CASVP;public;66-74 rue du Général Brunet;75019;19e;100 chambres, 51 places UVP Alzheimer, télémédecine;casvp-ehpad-herold@paris.fr;OUI;fiches Ville de Paris / action-sociale.org — format institutionnel @paris.fr;01 40 40 55 55;https://www.paris.fr/lieux/ehpad-herold-16525;Ouvert en 2007 à deux pas des Buttes-Chaumont, Hérold consacre plus de la moitié de ses 100 chambres (51 places UVP) à l'accompagnement Alzheimer.;;Madame, Monsieur,;;
4;D — Public EHPAD / USLD;EHPAD Alquier-Debrousse;EHPAD;CASVP;public;1 allée Alquier-Debrousse (161 av. Gambetta);75020;20e;322 lits, 78 lits UVP, UHR 14, accueil de jour, parc 3 300 m²;casvp-ehpad-alquierdebrousse@paris.fr;OUI;fiche Ville de Paris / action-sociale.org — format institutionnel @paris.fr;01 43 67 69 69;https://www.paris.fr/lieux/ehpad-alquier-debrousse-14901;Avec 322 lits dans un parc boisé de 3 300 m², Alquier-Debrousse est l'un des plus grands EHPAD de Paris, doté d'UVP, d'UHR et d'un accueil de jour.;Frédéric Rousseau;Monsieur Rousseau,;;
4;D — Public EHPAD / USLD;EHPAD Sara Weill-Raynal (ex-Belleville);EHPAD;CASVP;public;180 rue Pelleport;75020;20e;94 places, unité de vie protégée, télémédecine, rouvert 2024;casvp-ehpad-saraweillraynal@paris.fr;OUI;fiche Ville de Paris — format institutionnel @paris.fr;01 87 04 03 02;https://www.paris.fr/lieux/ehpad-sara-weill-raynal-16514;Rebaptisé Sara Weill-Raynal et rouvert après cinq ans de restructuration, cet EHPAD public flambant neuf rue Pelleport déploie la télémédecine sur tous ses étages.;Vincent Werbrouck;Monsieur Werbrouck,;;
4;D — Public EHPAD / USLD;EHPAD Le Jardin des Plantes;EHPAD;CASVP;public;18-22 rue Poliveau;75005;5e;111 places, unité protégée Alzheimer 34 places;NON TROUVÉ;NON;;01 45 87 67 67;pour-les-personnes-agees.gouv.fr — admissions CASVP 01 44 67 17 74;Un EHPAD public de la Ville de Paris à deux pas du Jardin des Plantes, doté d'une importante unité de vie protégée (34 places) pour l'accompagnement Alzheimer.;;Madame, Monsieur,;;
4;D — Public EHPAD / USLD;Résidence Autonomie Cités Caritas (intergénérationnelle);résidence autonomie;Cités Caritas (Secours Catholique);privé associatif/fondation;47 rue des Meuniers;75012;12e;Résidence intergénérationnelle, mixité de publics;NON TROUVÉ;NON;;06 58 94 53 58;cites-caritas.fr — résidence intergénérationnelle 12e;Nouvelle résidence intergénérationnelle et solidaire de Cités Caritas, autour d'un projet de mixité sociale et d'âges dans le 12e.;;Madame, Monsieur,;;
4;D — Public EHPAD / USLD;Résidence Autonomie Les Solanacées;résidence autonomie;ARPAVIE;privé associatif/fondation;29 rue des Meuniers;75012;12e;77 logements, la plupart avec loggia, logements doubles;NON TROUVÉ;NON;;01 43 45 18 18;https://www.arpavie.fr/residence/residence-les-solanacees;Dans un quartier calme du 12e proche du bois de Vincennes, la résidence offre des logements lumineux dotés pour la plupart d'une loggia.;;Madame, Monsieur,;;
4;D — Public EHPAD / USLD;Résidence Autonomie Moïse Léon;résidence autonomie;Fondation Casip-Cojasor;privé associatif/fondation;46 rue de Picpus;75012;12e;48 places / 44 studios, bibliothèque, inspiration communauté juive;NON TROUVÉ;NON;;01 44 75 51 80;https://www.casip-cojasor.fr/service/la-residence-autonomie-moise-leon;Résidence à taille humaine de la Fondation Casip-Cojasor, attentive au maintien de l'autonomie et à une vie culturelle animée autour de sa bibliothèque.;;Madame, Monsieur,;;
4;D — Public EHPAD / USLD;Résidence Autonomie Rosalie Rendu;résidence autonomie;Association Monsieur Vincent;privé associatif/fondation;77 rue de Reuilly;75012;12e;28 logements, appel d'urgence relié à l'EHPAD voisin;NON TROUVÉ;NON;;01 81 70 21 00;https://monsieurvincent.org/residences/residence-rosalie-rendu/;Créée lors de la reconstruction du site Catherine Labouré, elle bénéficie d'un appel d'urgence relié aux soignants de l'EHPAD voisin, sur le même site.;;Madame, Monsieur,;;
4;D — Public EHPAD / USLD;EHPAD Résidence Anselme Payen;EHPAD;CASVP;public;9 place Violet;75015;15e;108 places, unité de vie protégée 16, médecin tps plein, IDE nuit 24/7;NON TROUVÉ;NON;;01 45 78 65 20;https://www.paris.fr/lieux/ehpad-anselme-payen-14903;Rare EHPAD parisien doté d'un médecin à temps plein et d'une infirmière de nuit 24h/24, ouvert en 2014 place Violet.;;Madame, Monsieur,;;
4;D — Public EHPAD / USLD;EHPAD Résidence Huguette Valsecchi;EHPAD;CASVP;public;14 rue Marie Skobtsov;75015;15e;101 lits, chambres avec douche, unité Alzheimer, ouvert 2015;NON TROUVÉ;NON;;NON TROUVÉ;action-sociale.org — EHPAD CASVP Huguette Valsecchi;EHPAD public récent (2015) au cœur du 15e, avec une unité Alzheimer dédiée dans un bâtiment moderne.;;Madame, Monsieur,;;
4;D — Public EHPAD / USLD;Maison Médicale Jeanne Garnier;USLD / soins palliatifs;Dames du Calvaire (assoc.);privé associatif/fondation;106 avenue Émile-Zola;75015;15e;81 lits, plus grande unité de soins palliatifs de France, fondée 1842;NON TROUVÉ;NON;;NON TROUVÉ;https://jeanne-garnier.org/;Plus grande maison de soins palliatifs de France, héritière d'une œuvre fondée en 1842.;;Madame, Monsieur,;;
4;D — Public EHPAD / USLD;USLD Hôpital Henry Dunant (Croix-Rouge);USLD;Croix-Rouge française;privé associatif/fondation;95 rue Michel-Ange;75016;16e;78 lits USLD, chambres individuelles, Centre de Gérontologie;NON TROUVÉ;NON;;01 40 71 24 24;https://www.croix-rouge.fr/usld-hopital-henry-dunant;USLD du Centre de Gérontologie Henry Dunant (Croix-Rouge), référence gériatrique de l'Ouest parisien, l'un des mieux notés du 16e.;;Madame, Monsieur,;;
4;D — Public EHPAD / USLD;Unité d'Hébergement Temporaire Les Symphonies;EHPAD;CASVP;public;99 boulevard Ney;75018;18e;Hébergement temporaire (max 90 j/an), répit aidants;NON TROUVÉ;NON;CASVP centralisé;NON TROUVÉ;paris.fr — logement seniors / CASVP 18e;Unité publique d'hébergement temporaire de la Ville de Paris, pensée comme solution de répit pour les aidants familiaux.;;Madame, Monsieur,;;
4;D — Public EHPAD / USLD;Résidence autonomie Au cœur de Belleville;résidence autonomie;Arpavie;privé associatif/fondation;1 rue Jules Romains;75019;19e;Résidence autonomie, seniors autonomes;NON TROUVÉ;NON;;01 42 49 07 21;pour-les-personnes-agees.gouv.fr — Au cœur de Belleville;Gérée par Arpavie au cœur de Belleville, cette résidence autonomie offre une alternative non médicalisée précieuse pour les seniors encore indépendants du 19e.;;Madame, Monsieur,;;
5;E — Public autonomie (relationnel);Résidence autonomie Faubourg du Temple;résidence autonomie;CASVP;public;119 rue du Faubourg du Temple;75010;10e;Logement-foyer non médicalisé, cadre sécurisé;casvp-s10@paris.fr;OUI;section CASVP 10e;01 42 40 53 68;pour-les-personnes-agees.gouv.fr — Faubourg du Temple;Sur l'axe vivant du Faubourg du Temple reliant République au Canal, la résidence offre à ses aînés un ancrage en plein cœur de la vie de quartier du 10e.;;Madame, Monsieur,;;
5;E — Public autonomie (relationnel);Résidence autonomie Jemmapes;résidence autonomie;CASVP;public;126 quai de Jemmapes;75010;10e;25-50 places, studios non meublés, club loisirs;casvp-s10@paris.fr;OUI;section CASVP 10e;01 48 03 43 45;pour-les-personnes-agees.gouv.fr — Jemmapes;Implantée juste en face du Canal Saint-Martin, la résidence offre à ses résidents l'une des plus belles vues sur l'eau du parc de logements seniors parisiens.;;Madame, Monsieur,;;
5;E — Public autonomie (relationnel);Résidence autonomie La Grange aux Belles;résidence autonomie;CASVP;public;11 rue Boy-Zelenski;75010;10e;68 places, studios 30-34 m², club d'activités;casvp-s10@paris.fr;OUI;section CASVP 10e (mairie10.paris.fr);01 42 45 41 76;pour-les-personnes-agees.gouv.fr — Grange aux Belles;Ouverte depuis 1981, la résidence anime un club seniors réputé accueillant des aînés de 55 à 105 ans, salué pour son rôle dans le maintien de l'autonomie.;;Madame, Monsieur,;;
5;E — Public autonomie (relationnel);Résidence autonomie Lesecq;résidence autonomie;CASVP;public;24 rue de Belzunce;75010;10e;Petite résidence autonomie (<25 places);casvp-s10@paris.fr;OUI;pour-les-personnes-agees.gouv.fr — fiche Lesecq mentionne casvp-s10@paris.fr;01 48 74 15 28;pour-les-personnes-agees.gouv.fr — Logements Lesecq;À taille humaine et à deux pas du square Cavaillé-Coll, cette petite résidence cultive un esprit familial rare dans Paris.;;Madame, Monsieur,;;
5;E — Public autonomie (relationnel);Résidence autonomie Robert Blache;résidence autonomie;CASVP;public;4 rue Robert Blache;75010;10e;88 places, non médicalisé, dispositif de sécurité;casvp-s10@paris.fr;OUI;section CASVP 10e (confirmé pour-les-personnes-agees.gouv.fr / mairie10.paris.fr);01 43 79 11 43;pour-les-personnes-agees.gouv.fr — Robert Blache;Avec ses 88 logements, c'est la plus grande des résidences autonomie du CASVP dans le 10e, au cœur du quartier de la Grange-aux-Belles.;;Madame, Monsieur,;;
5;E — Public autonomie (relationnel);Résidence autonomie Allée Verte;résidence autonomie;CASVP;public;14-16 rue Pelée;75011;11e;Non médicalisé, restaurant Émeraude, club loisirs;casvp-s11@paris.fr;OUI;section CASVP 11e (pagesjaunes + recherche web);01 43 38 31 97;mairie11.paris.fr — résidences-appartements / CASVP 11e 01 53 36 51 00;Résidence-appartements municipale du CASVP près du square de la Roquette, offrant aux seniors autonomes la sécurité d'une présence permanente et le restaurant Émeraude.;;Madame, Monsieur,;;
5;E — Public autonomie (relationnel);Résidence autonomie Beauharnais;résidence autonomie;CASVP;public;10 Cité Beauharnais;75011;11e;~54 logements, restaurant Émeraude;casvp-s11@paris.fr;OUI;section CASVP 11e;01 43 79 11 43;mairie11.paris.fr / CASVP 11e 01 53 36 51 00;Résidence-appartements nichée dans la discrète Cité Beauharnais, une impasse pavée typique du 11e, offrant un cadre calme à une cinquantaine de seniors autonomes.;;Madame, Monsieur,;;
5;E — Public autonomie (relationnel);Résidence autonomie Charles Delescluze;résidence autonomie;CASVP;public;5-7-9 rue Charles-Delescluze;75011;11e;50-100 places, restaurant Émeraude;casvp-s11@paris.fr;OUI;section CASVP 11e;01 47 00 71 59;mairie11.paris.fr / CASVP 11e 01 53 36 51 00;Résidence-appartements municipale à proximité immédiate de la place de la Bastille, alliant centralité et services collectifs pour seniors autonomes.;;Madame, Monsieur,;;
5;E — Public autonomie (relationnel);Résidence autonomie Folie Méricourt;résidence autonomie;CASVP;public;94 rue de la Folie-Méricourt;75011;11e;32 logements, restaurant Émeraude;casvp-s11@paris.fr;OUI;section CASVP 11e;01 47 00 35 69;mairie11.paris.fr / CASVP 11e 01 53 36 51 00;Résidence à taille humaine de 32 logements rue de la Folie-Méricourt, dans le quartier vivant et associatif d'Oberkampf.;;Madame, Monsieur,;;
5;E — Public autonomie (relationnel);Résidence autonomie Keller;résidence autonomie;CASVP;public;18 rue Keller;75011;11e;50-100 places, restaurant Émeraude;casvp-s11@paris.fr;OUI;section CASVP 11e;01 48 05 00 48;mairie11.paris.fr / CASVP 11e 01 53 36 51 00;Résidence-appartements rue Keller, au cœur du quartier de la Roquette réputé pour ses galeries d'art et ses ateliers.;;Madame, Monsieur,;;
5;E — Public autonomie (relationnel);Résidence autonomie La Roquette;résidence autonomie;CASVP;public;10-12-14 bis rue Duranti;75011;11e;>100 places, restaurant Émeraude, services hôteliers;casvp-s11@paris.fr;OUI;section CASVP 11e;01 43 67 12 27;mairie11.paris.fr / CASVP 11e 01 53 36 51 00;L'une des plus grandes résidences autonomie du CASVP dans le 11e (plus de 100 logements), dans le quartier historique de la Roquette.;;Madame, Monsieur,;;
5;E — Public autonomie (relationnel);Résidence autonomie Léon Frot;résidence autonomie;CASVP;public;41 rue Léon-Frot;75011;11e;Non médicalisé, restaurant Émeraude;casvp-s11@paris.fr;OUI;section CASVP 11e;01 43 67 39 25;mairie11.paris.fr / CASVP 11e 01 53 36 51 00;Résidence autonomie rue Léon-Frot, dans le quartier populaire et résidentiel de Charonne, proche des commerces du faubourg Saint-Antoine.;;Madame, Monsieur,;;
5;E — Public autonomie (relationnel);Résidence autonomie Morand;résidence autonomie;CASVP;public;28 rue Morand;75011;11e;50-100 places, restaurant Émeraude;casvp-s11@paris.fr;OUI;section CASVP 11e;01 48 07 86 02;mairie11.paris.fr / CASVP 11e 01 53 36 51 00;Résidence-appartements rue Morand, proche du canal Saint-Martin et du quartier vivant de Belleville-Goncourt.;;Madame, Monsieur,;;
5;E — Public autonomie (relationnel);Résidence autonomie Ménilmontant;résidence autonomie;CASVP;public;21 passage de Ménilmontant;75011;11e;50-100 places, restaurant Émeraude;casvp-s11@paris.fr;OUI;action-sociale.org (Logements Ménilmontant) + section CASVP 11e;01 43 57 15 46;mairie11.paris.fr / CASVP 11e 01 53 36 51 00;Résidence cachée dans le passage de Ménilmontant, une voie piétonne tranquille, à la lisière du 11e et du 20e.;;Madame, Monsieur,;;
5;E — Public autonomie (relationnel);Résidence autonomie Omer Talon;résidence autonomie;CASVP;public;33 rue Merlin;75011;11e;50-100 places, restaurant Émeraude;casvp-s11@paris.fr;OUI;section CASVP 11e;01 43 57 58 70;mairie11.paris.fr / CASVP 11e 01 53 36 51 00;Résidence-appartements rue Merlin, près de la place Léon-Blum et de la mairie du 11e, dans un secteur central et bien desservi.;;Madame, Monsieur,;;
5;E — Public autonomie (relationnel);Résidence autonomie Philippe Auguste;résidence autonomie;CASVP;public;99 avenue Philippe-Auguste;75011;11e;50-100 places, restaurant Émeraude;casvp-s11@paris.fr;OUI;section CASVP 11e;01 53 36 51 00;mairie11.paris.fr / CASVP 11e 01 53 36 51 00;Résidence proche du Père-Lachaise et de la place de la Nation, l'une des seules du 11e parfois proposée à la location comme résidence services seniors.;;Madame, Monsieur,;;
5;E — Public autonomie (relationnel);Résidence autonomie Richard Lenoir;résidence autonomie;CASVP;public;61-63 boulevard Richard-Lenoir;75011;11e;50-100 places, restaurant Émeraude;casvp-s11@paris.fr;OUI;section CASVP 11e;01 53 36 51 00;mairie11.paris.fr / CASVP 11e 01 53 36 51 00;Résidence autonomie donnant sur la promenade plantée du boulevard Richard-Lenoir et son marché bio, un cadre verdoyant rare au cœur du 11e.;;Madame, Monsieur,;;
5;E — Public autonomie (relationnel);Résidence autonomie Robert Houdin;résidence autonomie;CASVP;public;13 rue Robert-Houdin;75011;11e;25-50 places, restaurant Émeraude;casvp-s11@paris.fr;OUI;action-sociale.org (Logements Robert Houdin) + section CASVP 11e;01 42 45 46 98;mairie11.paris.fr / CASVP 11e 01 53 36 51 00;Petite résidence autonomie rue Robert-Houdin, dans le quartier convivial de Belleville, à proximité du métro Ménilmontant.;;Madame, Monsieur,;;
5;E — Public autonomie (relationnel);Résidence autonomie de la Présentation;résidence autonomie;CASVP;public;110-116 rue du Faubourg-du-Temple;75011;11e;25-50 places, restaurant Émeraude;casvp-s11@paris.fr;OUI;section CASVP 11e;01 40 21 96 61;mairie11.paris.fr / CASVP 11e 01 53 36 51 00;Petite résidence autonomie de taille familiale sur le Faubourg-du-Temple, à la frontière animée entre le 10e et le 11e.;;Madame, Monsieur,;;
5;E — Public autonomie (relationnel);Résidence Autonomie Lacuée;résidence autonomie;CASVP;public;4 rue Lacuée;75012;12e;46 logements (studios 32-38 m²), sécurité 24h/24;casvp-s12@paris.fr;OUI;pagesjaunes + annuaire CASVP 12e;01 44 67 16 07;paris.fr — CASVP 12e casvp-s12@paris.fr;Résidence autonomie publique du CASVP à deux pas du port de l'Arsenal et de Bastille, proposant des studios sécurisés à tarif social.;;Madame, Monsieur,;;
5;E — Public autonomie (relationnel);Résidence Autonomie Les Tourelles;résidence autonomie;CASVP;public;22 rue du Chaffault;75012;12e;44 logements, sécurisé, seniors autonomes;casvp-s12@paris.fr;OUI;annuaire CASVP 12e;01 43 74 61 83;paris.fr — Les Tourelles;Petite résidence autonomie publique du CASVP, à taille humaine (44 logements), dans le quartier résidentiel du Bel-Air.;;Madame, Monsieur,;;
5;E — Public autonomie (relationnel);Résidence Autonomie Ave Maria;résidence autonomie;CASVP;public;Quartier Saint-Paul / Ave Maria;75004;4e;Foyer-logement non médicalisé, seniors autonomes;NON TROUVÉ;NON;;01 44 67 17 74 (admissions CASVP);pour-les-personnes-agees.gouv.fr — Résidence autonomie Ave Maria;Résidence autonomie publique du CASVP dans le quartier historique de l'Ave Maria : une solution de logement sécurisé et abordable pour seniors autonomes en plein Marais.;;Madame, Monsieur,;;
5;E — Public autonomie (relationnel);USLD La Collégiale;USLD;AP-HP;public;33 rue du Fer à Moulin;75005;5e;USLD 134 lits, gériatrie hospitalière;NON TROUVÉ;NON;;01 42 34 84 95;pour-les-personnes-agees.gouv.fr — USLD La Collégiale;Unité de soins de longue durée de l'AP-HP installée dans l'historique hôpital de la Collégiale, structure gériatrique publique de référence au cœur du Quartier latin.;;Madame, Monsieur,;;
5;E — Public autonomie (relationnel);USLD Hôpital Fernand-Widal;USLD;AP-HP;public;200 rue du Faubourg Saint-Denis;75010;10e;78 lits soins longue durée gériatriques, GIR 1-2;NON TROUVÉ;NON;;01 40 05 45 45;https://hopital-lariboisiere.aphp.fr/geriatrie-fernand-widal/;Aux portes des gares de l'Est et du Nord, l'USLD du site Fernand-Widal s'appuie sur le service de gérontologie clinique historique de l'AP-HP.;;Madame, Monsieur,;;
5;E — Public autonomie (relationnel);Résidence Autonomie Saint-Éloi;résidence autonomie;CASVP;public;10 rue Eugénie Éboué;75012;12e;50-100 places, restauration, sécurité 24h/24;NON TROUVÉ;NON;;01 44 68 62 00;paris.fr — Résidence Saint-Éloi / CASVP 12e 01 44 68 62 00;Résidence autonomie publique du CASVP destinée aux Parisiens âgés autonomes aux revenus modestes du quartier Saint-Éloi.;;Madame, Monsieur,;;
5;E — Public autonomie (relationnel);USLD Est Parisien — Hôpital Rothschild (AP-HP);USLD;AP-HP;public;5 rue Santerre;75012;12e;USLD, gériatrie, rééducation, grande dépendance;NON TROUVÉ;NON;;01 40 19 30 00;https://rothschild.aphp.fr/;L'USLD est portée par l'hôpital Rothschild de l'AP-HP, pôle gériatrique de référence de l'Est parisien.;;Madame, Monsieur,;;
5;E — Public autonomie (relationnel);USLD Pitié-Salpêtrière (AP-HP);USLD;AP-HP;public;47-83 boulevard de l'Hôpital;75013;13e;USLD gériatrique ~74 lits, plateau technique hospitalier;NON TROUVÉ;NON;;01 42 16 00 00;https://www.aphp.fr/contenu/groupe-hospitalier-pitie-salpetriere;Adossée à l'un des plus grands CHU d'Europe, votre USLD bénéficie d'un plateau technique gériatrique hospitalier de premier plan.;;Madame, Monsieur,;;
5;E — Public autonomie (relationnel);USLD Maison Médicale La Rochefoucauld (AP-HP);USLD;AP-HP;public;15 avenue du Général Leclerc;75014;14e;USLD gériatrique, bâtiment néoclassique classé MH;NON TROUVÉ;NON;;01 58 10 41 00;https://hopital-larochefoucauld.aphp.fr/;Implantée dans un bâtiment néoclassique classé monument historique, votre USLD AP-HP allie un patrimoine d'exception à une prise en charge gériatrique de longue durée.;;Madame, Monsieur,;;
5;E — Public autonomie (relationnel);Hôpital Vaugirard - Gabriel-Pallez (USLD);USLD;AP-HP;public;10 rue Vaugelas;75015;15e;Hôpital gériatrique 315 lits, 210 lits USLD, HDJ SMR;NON TROUVÉ;NON;;01 40 45 80 00;aphp.fr — Vaugirard-Gabriel-Pallez, service de gérontologie;Hôpital gériatrique AP-HP de référence du 15e avec 210 lits d'USLD.;;Madame, Monsieur,;;
5;E — Public autonomie (relationnel);Résidence autonomie Grenelle (CASVP);résidence autonomie;CASVP;public;44 quai de Grenelle;75015;15e;Petite capacité (<25 places), bord de Seine;NON TROUVÉ;NON;;01 56 56 23 15;pour-les-personnes-agees.gouv.fr — Résidence autonomie Grenelle;Petite résidence autonomie publique en bord de Seine, quai de Grenelle, à taille humaine.;;Madame, Monsieur,;;
5;E — Public autonomie (relationnel);Résidence autonomie Oscar Roty;résidence autonomie;CASVP;public;107 rue de Lourmel;75015;15e;Résidence autonomie, bâtiment moderne 7 étages, accès sécurisé;NON TROUVÉ;NON;;NON TROUVÉ;pour-les-personnes-agees.gouv.fr — Oscar Roty;Résidence autonomie publique du CASVP, solution abordable pour seniors valides dans un 15e plutôt onéreux.;;Madame, Monsieur,;;
5;E — Public autonomie (relationnel);Résidence Autonomie André Leroux;résidence autonomie;CASVP;public;21 rue Jean Leclaire;75017;17e;Non médicalisé, services collectifs, restauration;NON TROUVÉ;NON;;NON TROUVÉ;paris.fr — logement seniors / CASVP 17e;Résidence autonomie municipale dans le secteur des Épinettes, alternative non médicalisée entre domicile et EHPAD.;;Madame, Monsieur,;;
5;E — Public autonomie (relationnel);Résidence Autonomie Services Épinettes;résidence autonomie;CASVP;public;51 rue des Épinettes;75017;17e;Résidence services seniors autonomes, restauration, club loisirs;NON TROUVÉ;NON;;NON TROUVÉ;paris.fr — logement seniors / CASVP 17e;Résidence services seniors de la Ville de Paris dans le quartier des Épinettes, avec restauration et club loisirs sur place.;;Madame, Monsieur,;;
5;E — Public autonomie (relationnel);Résidence Autonomie des Ternes;résidence autonomie;CASVP;public;28 rue Bayen;75017;17e;Non médicalisé, services collectifs, cadre sécurisé;NON TROUVÉ;NON;;NON TROUVÉ;paris.fr — logement seniors / CASVP 17e;Résidence autonomie publique de la Ville de Paris dans le quartier des Ternes, pour seniors autonomes recherchant sécurité et vie collective.;;Madame, Monsieur,;;
5;E — Public autonomie (relationnel);USLD Hôpital Bretonneau (AP-HP);USLD;AP-HP;public;23 rue Joseph de Maistre;75018;18e;USLD grande dépendance (GIR 1-2), soins palliatifs, psychogériatrie;NON TROUVÉ;NON;;01 53 11 18 00;https://hopital-bretonneau.aphp.fr/;USLD de l'AP-HP spécialisée dans la grande dépendance et les soins palliatifs, au sein d'un hôpital entièrement dédié à la gériatrie.;;Madame, Monsieur,;;
5;E — Public autonomie (relationnel);Résidence autonomie de Flandre;résidence autonomie;CASVP;public;142 avenue de Flandre;75019;19e;Résidence autonomie, seniors valides;NON TROUVÉ;NON;;01 40 37 51 18;pour-les-personnes-agees.gouv.fr — Résidence autonomie de Flandre;Sur l'avenue de Flandre, cette résidence autonomie publique du CASVP cible les seniors valides - un segment complémentaire aux EHPAD médicalisés du quartier.;;Madame, Monsieur,;;
