Date;Heure;De;À (destinataire);Objet;Établissement
Tuesday 06/10/2026;10h00;samy.santamarina@trudaines.com;reception.champdemars@korian.fr;Accompagner vos familles dans un moment délicat : EHPAD Korian Champ-de-Mars;EHPAD Korian Champ-de-Mars
Tuesday 06/10/2026;10h05;samy.santamarina@trudaines.com;contact@residencedesevres.com;Accompagner vos familles dans un moment délicat : EHPAD La Résidence de Sèvres;EHPAD La Résidence de Sèvres
Tuesday 06/10/2026;10h10;samy.santamarina@trudaines.com;lecourbe@maisonsdefamille.com;Accompagner vos familles dans un moment délicat : EHPAD Maisons de Famille Villa Lecourbe;EHPAD Maisons de Famille Villa Lecourbe
Tuesday 06/10/2026;10h15;samy.santamarina@trudaines.com;sopregim@compass-group.fr;Accompagner vos familles dans un moment délicat : Résidence Seniors Les Hespérides Daumesnil;Résidence Seniors Les Hespérides Daumesnil
Tuesday 06/10/2026;10h20;samy.santamarina@trudaines.com;dir-ambassadeurs-paris@dolcea.fr;Accompagner vos familles dans un moment délicat : EHPAD Dolcéa Les Ambassadeurs Nation;EHPAD Dolcéa Les Ambassadeurs Nation
Tuesday 06/10/2026;10h25;samy.santamarina@trudaines.com;reception.lesarcades@korian.fr;Accompagner vos familles dans un moment délicat : EHPAD Korian Les Arcades;EHPAD Korian Les Arcades
Tuesday 06/10/2026;10h30;samy.santamarina@trudaines.com;reception.magenta@korian.fr;Accompagner vos familles dans un moment délicat : EHPAD Korian Magenta;EHPAD Korian Magenta
Tuesday 06/10/2026;10h35;samy.santamarina@trudaines.com;carpeaux-paris@ehpad-sedna.fr;Accompagner vos familles dans un moment délicat : EHPAD Résidence Jean-Baptiste Carpeaux;EHPAD Résidence Jean-Baptiste Carpeaux
Tuesday 06/10/2026;10h40;samy.santamarina@trudaines.com;residence.service.direction@f-d-r.org;Accompagner vos familles dans un moment délicat : Résidence Services Seniors Alix (Fondation de Rothschild);Résidence Services Seniors Alix (Fondation de Rothschild)
Tuesday 06/10/2026;10h45;samy.santamarina@trudaines.com;amitieetpartage@cheminsdesperance.org;Accompagner vos familles dans un moment délicat : EHPAD Amitié et Partage;EHPAD Amitié et Partage
Tuesday 06/10/2026;10h50;samy.santamarina@trudaines.com;accueil.ehpad-bastille@vyv3.fr;Accompagner vos familles dans un moment délicat : EHPAD Bastille;EHPAD Bastille
Tuesday 06/10/2026;10h55;samy.santamarina@trudaines.com;ehpadjbarrot@cos-asso.org;Accompagner vos familles dans un moment délicat : EHPAD COS Jacques Barrot;EHPAD COS Jacques Barrot
Tuesday 06/10/2026;11h00;samy.santamarina@trudaines.com;paris13@adefresidences.com + dir.paris13@adefresidences.com;Accompagner vos familles dans un moment délicat : EHPAD La Maison du Parc;EHPAD La Maison du Parc
Tuesday 06/10/2026;11h05;samy.santamarina@trudaines.com;accueil.jardinsdemontmartre@univi.fr;Accompagner vos familles dans un moment délicat : EHPAD Les Jardins de Montmartre;EHPAD Les Jardins de Montmartre
Tuesday 06/10/2026;11h10;samy.santamarina@trudaines.com;LaMuette@fondationdiaconesses.org;Accompagner vos familles dans un moment délicat : EHPAD Maison de Retraite Protestante de la Muette;EHPAD Maison de Retraite Protestante de la Muette
Tuesday 06/10/2026;11h15;samy.santamarina@trudaines.com;contact.antoineportail@monsieurvincent.org;Accompagner vos familles dans un moment délicat : EHPAD Résidence Antoine Portail;EHPAD Résidence Antoine Portail
Tuesday 06/10/2026;11h20;samy.santamarina@trudaines.com;accueil.lesairelles@univi.fr;Accompagner vos familles dans un moment délicat : EHPAD Résidence Les Airelles;EHPAD Résidence Les Airelles
Tuesday 06/10/2026;11h25;samy.santamarina@trudaines.com;ehpadsaintaugustin@ndbs.org;Accompagner vos familles dans un moment délicat : EHPAD Saint-Augustin;EHPAD Saint-Augustin
Tuesday 06/10/2026;11h30;samy.santamarina@trudaines.com;accueil@augustines-paris.fr;Accompagner vos familles dans un moment délicat : Maison de Retraite des Sœurs Augustines;Maison de Retraite des Sœurs Augustines
Tuesday 13/10/2026;10h00;samy.santamarina@trudaines.com;casvp-ehpad-aliceprin@paris.fr;Accompagner vos familles dans un moment délicat : EHPAD Alice Prin;EHPAD Alice Prin
Tuesday 13/10/2026;10h05;samy.santamarina@trudaines.com;casvp-ehpad-alquierdebrousse@paris.fr;Accompagner vos familles dans un moment délicat : EHPAD Alquier-Debrousse;EHPAD Alquier-Debrousse
Tuesday 13/10/2026;10h10;samy.santamarina@trudaines.com;casvp-ehpad-furtadoheine@paris.fr;Accompagner vos familles dans un moment délicat : EHPAD Résidence Furtado-Heine;EHPAD Résidence Furtado-Heine
Tuesday 13/10/2026;10h15;samy.santamarina@trudaines.com;casvp-ehpad-herold@paris.fr;Accompagner vos familles dans un moment délicat : EHPAD Résidence Hérold;EHPAD Résidence Hérold
Tuesday 13/10/2026;10h20;samy.santamarina@trudaines.com;casvp-ehpad-oasis@paris.fr;Accompagner vos familles dans un moment délicat : EHPAD Résidence Santé Oasis;EHPAD Résidence Santé Oasis
Tuesday 13/10/2026;10h25;samy.santamarina@trudaines.com;casvp-ehpad-saraweillraynal@paris.fr;Accompagner vos familles dans un moment délicat : EHPAD Sara Weill-Raynal (ex-Belleville);EHPAD Sara Weill-Raynal (ex-Belleville)
