id_mutation,date_mutation,annee,adresse,voie,commune,nb_pieces,surface_m2,prix_eur,eur_m2,distance_m,latitude,longitude
2021-1715750,2021-01-06,2021,83 RUE DE ROCHECHOUART,RUE DE ROCHECHOUART,75109,1,14.0,180000,12857,178,48.88243,2.346408
2021-1715776,2021-01-06,2021,191 RUE DU FG POISSONNIERE,RUE DU FG POISSONNIERE,75109,1,30.0,327600,10920,60,48.883109,2.349064
2021-1715832,2021-01-07,2021,27 BD DE ROCHECHOUART,BD DE ROCHECHOUART,75109,2,48.0,562600,11721,189,48.882899,2.345892
2021-1715690,2021-01-11,2021,66 RUE DE ROCHECHOUART,RUE DE ROCHECHOUART,75109,1,27.0,438745,16250,260,48.881252,2.346927
2021-1715863,2021-01-18,2021,75 RUE DE ROCHECHOUART,RUE DE ROCHECHOUART,75109,1,58.0,540000,9310,263,48.881548,2.346116
2021-1715829,2021-01-19,2021,79 RUE DE DUNKERQUE,RUE DE DUNKERQUE,75109,3,50.0,678900,13578,221,48.881676,2.346845
2021-1724324,2021-01-20,2021,27 RUE DE CLIGNANCOURT,RUE DE CLIGNANCOURT,75118,3,59.0,550000,9322,262,48.88553,2.346845
2021-1724361,2021-01-22,2021,22 BD BARBES,BD BARBES,75118,6,115.0,1145000,9957,221,48.885079,2.349947
2021-1715930,2021-01-25,2021,159 RUE DU FG POISSONNIERE,RUE DU FG POISSONNIERE,75109,3,46.0,702470,15271,289,48.880897,2.349494
2021-1724526,2021-01-27,2021,1 RUE ANDRE DEL SARTE,RUE ANDRE DEL SARTE,75118,3,48.0,501500,10448,263,48.885622,2.34716
2021-1724574,2021-01-28,2021,10 BD BARBES,BD BARBES,75118,1,12.0,63000,5250,161,48.884326,2.35004
2021-1715816,2021-01-29,2021,4 RUE GERANDO,RUE GERANDO,75109,3,38.0,520000,13684,262,48.882003,2.345463
2021-1724447,2021-02-03,2021,7 RUE LIVINGSTONE,RUE LIVINGSTONE,75118,1,21.0,230000,10952,266,48.884196,2.344928
2021-1724617,2021-02-05,2021,17 RUE BELHOMME,RUE BELHOMME,75118,2,49.0,424500,8663,128,48.884541,2.348422
2021-1724471,2021-02-08,2021,63 RUE DE LA GOUTTE D OR,RUE DE LA GOUTTE D OR,75118,5,90.0,440000,4889,224,48.885013,2.35018
2021-1716001,2021-02-09,2021,6 RUE PETRELLE,RUE PETRELLE,75109,1,10.0,45000,4500,298,48.880732,2.348869
2021-1724587,2021-02-09,2021,13 RUE ANDRE DEL SARTE,RUE ANDRE DEL SARTE,75118,2,38.0,443600,11674,287,48.885492,2.346091
2021-1715977,2021-02-11,2021,85 RUE DE ROCHECHOUART,RUE DE ROCHECHOUART,75109,3,44.0,494400,11236,173,48.882497,2.346425
2021-1716215,2021-02-15,2021,83 RUE DE DUNKERQUE,RUE DE DUNKERQUE,75109,1,15.0,220000,14667,232,48.88211,2.345862
2021-1724848,2021-02-18,2021,5 RUE DE SOFIA,RUE DE SOFIA,75118,1,17.0,170000,10000,128,48.884466,2.348984
2021-1724685,2021-02-19,2021,24 BD BARBES,BD BARBES,75118,4,102.0,1028902,10087,256,48.885449,2.349917
2021-1716075,2021-02-23,2021,71 RUE DE DUNKERQUE,RUE DE DUNKERQUE,75109,1,26.0,295000,11346,216,48.881589,2.347274
2021-1716056,2021-02-25,2021,72 RUE DE DUNKERQUE,RUE DE DUNKERQUE,75109,2,54.0,560000,10370,197,48.882366,2.346166
2021-1716083,2021-02-26,2021,12 PL D ANVERS,PL D ANVERS,75109,2,47.0,532100,11321,277,48.882547,2.34479
2021-1724886,2021-03-01,2021,10 RUE DES ISLETTES,RUE DES ISLETTES,75118,3,58.0,590000,10172,235,48.884475,2.351123
2021-1725008,2021-03-02,2021,10 RUE PIERRE PICARD,RUE PIERRE PICARD,75118,3,50.0,496036,9921,240,48.884938,2.346068
2021-1724952,2021-03-04,2021,6 RUE DE CLIGNANCOURT,RUE DE CLIGNANCOURT,75118,3,64.0,645000,10078,110,48.884306,2.347791
2021-1716203,2021-03-08,2021,66 RUE DE ROCHECHOUART,RUE DE ROCHECHOUART,75109,1,33.0,350000,10606,260,48.881252,2.346927
2021-1725040,2021-03-09,2021,2 RUE DES POISSONNIERS,RUE DES POISSONNIERS,75118,1,25.0,425700,17028,279,48.88559,2.350185
2021-1683162,2021-03-10,2021,6 RUE DES ISLETTES,RUE DES ISLETTES,75118,3,59.0,550000,9322,227,48.884381,2.351074
2021-1683341,2021-03-16,2021,191 RUE DU FG POISSONNIERE,RUE DU FG POISSONNIERE,75109,2,42.0,200000,4762,60,48.883109,2.349064
2021-1724897,2021-03-17,2021,7 RUE LIVINGSTONE,RUE LIVINGSTONE,75118,2,33.0,452000,13697,266,48.884196,2.344928
2021-1716366,2021-03-18,2021,72 RUE DE ROCHECHOUART,RUE DE ROCHECHOUART,75109,2,22.0,300000,13636,221,48.881676,2.346845
2021-1724955,2021-03-18,2021,10 RUE PIERRE PICARD,RUE PIERRE PICARD,75118,1,22.0,235000,10682,240,48.884938,2.346068
2021-1725029,2021-03-23,2021,4 RUE D ORSEL,RUE D ORSEL,75118,2,23.0,266000,11565,161,48.8842,2.346534
2021-1683854,2021-03-26,2021,175 RUE DU FG POISSONNIERE,RUE DU FG POISSONNIERE,75109,5,165.0,2006700,12162,192,48.881697,2.348896
2021-1684083,2021-03-26,2021,10 RUE PIERRE PICARD,RUE PIERRE PICARD,75118,2,50.0,670000,13400,240,48.884938,2.346068
2021-1725042,2021-03-26,2021,4 RUE DES POISSONNIERS,RUE DES POISSONNIERS,75118,2,30.0,250000,8333,290,48.885734,2.350093
2021-1683155,2021-03-30,2021,79 RUE DE DUNKERQUE,RUE DE DUNKERQUE,75109,7,154.0,750000,4870,221,48.881676,2.346845
2021-1683537,2021-03-30,2021,18 BD BARBES,BD BARBES,75118,3,38.0,320000,8421,209,48.884894,2.35007
2021-1684282,2021-04-02,2021,9 RUE DU DELTA,RUE DU DELTA,75109,3,60.0,680000,11333,139,48.882139,2.348256
2021-1683749,2021-04-07,2021,56 RUE DE DUNKERQUE,RUE DE DUNKERQUE,75109,3,69.0,805000,11667,166,48.881947,2.347787
2021-1683115,2021-04-08,2021,13 RUE DU DELTA,RUE DU DELTA,75109,1,25.0,355000,14200,137,48.882214,2.347817
2021-1684375,2021-04-13,2021,12 BD BARBES,BD BARBES,75118,4,90.0,771600,8573,187,48.884567,2.350197
2021-1684687,2021-04-23,2021,2 RUE LIVINGSTONE,RUE LIVINGSTONE,75118,1,17.0,180000,10588,215,48.88435,2.345814
2021-1684965,2021-04-26,2021,167 RUE DU FG POISSONNIERE,RUE DU FG POISSONNIERE,75109,2,30.0,348650,11622,240,48.881375,2.349546
2021-1684747,2021-04-29,2021,19 BD BARBES,BD BARBES,75118,1,26.0,150000,5769,278,48.885823,2.349258
2021-1685286,2021-05-03,2021,71 RUE DE DUNKERQUE,RUE DE DUNKERQUE,75109,1,30.0,406200,13540,216,48.881589,2.347274
2021-1685772,2021-05-03,2021,2 AV TRUDAINE,AV TRUDAINE,75109,3,65.0,539850,8305,225,48.882066,2.346026
2021-1685917,2021-05-03,2021,53 RUE DE DUNKERQUE,RUE DE DUNKERQUE,75109,4,70.0,808000,11543,271,48.881052,2.349393
2021-1685664,2021-05-04,2021,57 RUE DE DUNKERQUE,RUE DE DUNKERQUE,75109,1,34.0,425000,12500,257,48.881117,2.348974
2021-1686507,2021-05-05,2021,9 RUE DU DELTA,RUE DU DELTA,75109,1,35.0,360000,10286,139,48.882139,2.348256
2021-1685119,2021-05-06,2021,193 RUE DU FG POISSONNIERE,RUE DU FG POISSONNIERE,75109,3,57.0,608350,10673,59,48.883225,2.349125
2021-1686481,2021-05-10,2021,93 RUE DE DUNKERQUE,RUE DE DUNKERQUE,75109,3,58.0,375000,6466,270,48.88248,2.344931
2021-1686637,2021-05-10,2021,18 RUE DE CLIGNANCOURT,RUE DE CLIGNANCOURT,75118,1,9.0,130000,14444,208,48.885188,2.347585
2021-1685342,2021-05-14,2021,9 BD DE ROCHECHOUART,BD DE ROCHECHOUART,75109,4,50.0,564850,11297,16,48.883248,2.348404
2021-1686213,2021-05-17,2021,5 RUE CHRISTIANI,RUE CHRISTIANI,75118,2,49.0,494050,10083,196,48.885128,2.34881
2021-1686786,2021-05-18,2021,16 RUE DU DELTA,RUE DU DELTA,75109,2,36.0,425050,11807,94,48.882583,2.347984
2021-1685921,2021-05-18,2021,15 RUE DE SOFIA,RUE DE SOFIA,75118,2,56.0,515000,9196,110,48.884306,2.347791
2021-1686352,2021-05-18,2021,7 RUE D ORSEL,RUE D ORSEL,75118,2,26.0,275000,10577,163,48.883851,2.346245
2021-1685557,2021-05-19,2021,5 RUE SEVESTE,RUE SEVESTE,75118,2,25.0,300000,12000,275,48.883596,2.344614
2021-1687444,2021-05-20,2021,82 RUE DE ROCHECHOUART,RUE DE ROCHECHOUART,75109,1,24.0,208000,8667,156,48.882308,2.347001
2021-1686973,2021-05-21,2021,71 RUE DE DUNKERQUE,RUE DE DUNKERQUE,75109,1,30.0,295000,9833,216,48.881589,2.347274
2021-1686168,2021-05-26,2021,13 RUE GERANDO,RUE GERANDO,75109,4,60.0,663000,11050,198,48.882735,2.345837
2021-1687068,2021-05-26,2021,6 IMP DU CADRAN,IMP DU CADRAN,75118,2,23.0,220000,9565,191,48.883713,2.345794
2021-1686972,2021-05-28,2021,12 RUE D ORSEL,RUE D ORSEL,75118,2,20.0,260000,13000,251,48.884166,2.345136
2021-1687545,2021-05-28,2021,4 RUE D ORSEL,RUE D ORSEL,75118,4,58.0,580000,10000,161,48.8842,2.346534
2021-1686780,2021-06-01,2021,10 RUE PIERRE PICARD,RUE PIERRE PICARD,75118,1,20.0,235000,11750,240,48.884938,2.346068
2021-1686975,2021-06-04,2021,87 RUE DE ROCHECHOUART,RUE DE ROCHECHOUART,75109,1,15.0,135000,9000,165,48.882579,2.346475
2021-1687642,2021-06-04,2021,183 RUE DU FG POISSONNIERE,RUE DU FG POISSONNIERE,75109,5,130.0,1200000,9231,95,48.882741,2.349211
2021-1687147,2021-06-04,2021,17 RUE D ORSEL,RUE D ORSEL,75118,3,80.0,760650,9508,232,48.883935,2.345303
2021-1687118,2021-06-07,2021,28 BD ROCHECHOUART,BD ROCHECHOUART,75118,1,12.0,123000,10250,68,48.883854,2.347762
2021-1687639,2021-06-08,2021,14 BD BARBES,BD BARBES,75118,3,75.0,605000,8067,195,48.884685,2.350155
2021-1688622,2021-06-10,2021,185 RUE DU FG POISSONNIERE,RUE DU FG POISSONNIERE,75109,2,46.0,524000,11391,95,48.882741,2.349211
2021-1687839,2021-06-11,2021,59 RUE DE DUNKERQUE,RUE DE DUNKERQUE,75109,1,20.0,215000,10750,251,48.88115,2.348815
2021-1688187,2021-06-11,2021,51 RUE DE DUNKERQUE,RUE DE DUNKERQUE,75109,4,68.0,856500,12596,279,48.88101,2.349576
2021-1687192,2021-06-15,2021,6 RUE DE CLIGNANCOURT,RUE DE CLIGNANCOURT,75118,1,34.0,468000,13765,110,48.884306,2.347791
2021-1688124,2021-06-15,2021,8 RUE BOISSIEU,RUE BOISSIEU,75118,1,17.0,180000,10588,130,48.8845,2.348924
2021-1688835,2021-06-16,2021,6 RUE GERANDO,RUE GERANDO,75109,2,57.0,621000,10895,248,48.882067,2.345634
2021-1687568,2021-06-17,2021,17 BD DE ROCHECHOUART,BD DE ROCHECHOUART,75109,1,32.0,357412,11169,67,48.883125,2.347535
2021-1687793,2021-06-17,2021,66 RUE DE ROCHECHOUART,RUE DE ROCHECHOUART,75109,1,26.0,340000,13077,260,48.881252,2.346927
2021-1687319,2021-06-17,2021,2 RUE BRIQUET,RUE BRIQUET,75118,1,15.0,225000,15000,299,48.883502,2.344279
2021-1687861,2021-06-18,2021,191 RUE DU FG POISSONNIERE,RUE DU FG POISSONNIERE,75109,2,41.0,374000,9122,60,48.883109,2.349064
2021-1689022,2021-06-18,2021,11 RUE DU DELTA,RUE DU DELTA,75109,2,44.0,442000,10045,138,48.882166,2.348034
2021-1688042,2021-06-22,2021,19 RUE GERANDO,RUE GERANDO,75109,3,49.0,605000,12347,162,48.882961,2.346239
2021-1688219,2021-06-22,2021,2 RUE DES POISSONNIERS,RUE DES POISSONNIERS,75118,1,37.0,220000,5946,279,48.88559,2.350185
2021-1689330,2021-06-24,2021,66 RUE DE ROCHECHOUART,RUE DE ROCHECHOUART,75109,1,33.0,395000,11970,260,48.881252,2.346927
2021-1689797,2021-06-25,2021,12 PL D ANVERS,PL D ANVERS,75109,4,85.0,1899300,22345,277,48.882547,2.34479
2021-1689447,2021-06-25,2021,13 RUE DE SOFIA,RUE DE SOFIA,75118,3,40.0,467000,11675,123,48.88449,2.348168
2021-1688722,2021-06-28,2021,24 BD BARBES,BD BARBES,75118,2,27.0,390000,14444,256,48.885449,2.349917
2021-1689814,2021-07-01,2021,5 RUE CHRISTIANI,RUE CHRISTIANI,75118,3,69.0,690000,10000,196,48.885128,2.34881
2021-1689166,2021-07-07,2021,10 RUE GERANDO,RUE GERANDO,75109,1,14.0,210000,15000,195,48.882456,2.346111
2021-1688702,2021-07-08,2021,15 RUE ANDRE DEL SARTE,RUE ANDRE DEL SARTE,75118,3,31.0,356300,11494,299,48.885536,2.345892
2021-1689387,2021-07-09,2021,80 RUE DE DUNKERQUE,RUE DE DUNKERQUE,75109,2,49.0,590500,12051,234,48.882651,2.34537
2021-1689502,2021-07-09,2021,58 BD ROCHECHOUART,BD ROCHECHOUART,75118,1,16.0,250500,15656,252,48.883361,2.344915
2021-1689886,2021-07-13,2021,64 RUE DE ROCHECHOUART,RUE DE ROCHECHOUART,75109,3,117.0,1344000,11487,280,48.881058,2.34691
2021-1689618,2021-07-16,2021,58 BD ROCHECHOUART,BD ROCHECHOUART,75118,2,32.0,345000,10781,252,48.883361,2.344915
2021-1690148,2021-07-16,2021,4 RUE DES POISSONNIERS,RUE DES POISSONNIERS,75118,2,30.0,271000,9033,290,48.885734,2.350093
2021-1691009,2021-07-19,2021,10 BD BARBES,BD BARBES,75118,3,60.0,783450,13058,161,48.884326,2.35004
2021-1690535,2021-07-20,2021,92 RUE DE ROCHECHOUART,RUE DE ROCHECHOUART,75109,1,15.0,370000,24667,74,48.882927,2.347633
2021-1690627,2021-07-20,2021,7 RUE LIVINGSTONE,RUE LIVINGSTONE,75118,2,45.0,537000,11933,266,48.884196,2.344928
2021-1690685,2021-07-20,2021,60 BD ROCHECHOUART,BD ROCHECHOUART,75118,2,34.0,450000,13235,259,48.883353,2.344824
2021-1689605,2021-07-21,2021,9 RUE DU DELTA,RUE DU DELTA,75109,1,21.0,220000,10476,139,48.882139,2.348256
2021-1690384,2021-07-21,2021,3 RUE BOISSIEU,RUE BOISSIEU,75118,2,32.0,275000,8594,101,48.884225,2.348915
2021-1691447,2021-07-21,2021,10 RUE PIERRE PICARD,RUE PIERRE PICARD,75118,1,20.0,155000,7750,240,48.884938,2.346068
2021-1691469,2021-07-21,2021,102 BD DE LA CHAPELLE,BD DE LA CHAPELLE,75118,3,46.0,340160,7395,251,48.884307,2.351498
2021-1691378,2021-07-22,2021,66 RUE DE ROCHECHOUART,RUE DE ROCHECHOUART,75109,1,25.0,306835,12273,260,48.881252,2.346927
2021-1690376,2021-07-22,2021,2 RUE D ORSEL,RUE D ORSEL,75118,4,86.0,828000,9628,161,48.8842,2.346534
2021-1690269,2021-07-26,2021,26 RUE PETRELLE,RUE PETRELLE,75109,2,28.0,379211,13543,277,48.881023,2.347184
2021-1690356,2021-07-26,2021,92 RUE DE ROCHECHOUART,RUE DE ROCHECHOUART,75109,3,48.0,569000,11854,74,48.882927,2.347633
2021-1690612,2021-07-28,2021,84 RUE DE ROCHECHOUART,RUE DE ROCHECHOUART,75109,2,17.0,277000,16294,126,48.882582,2.347144
2021-1690871,2021-07-28,2021,24 BD BARBES,BD BARBES,75118,5,122.0,1030750,8449,256,48.885449,2.349917
2021-1690815,2021-07-29,2021,26 RUE PETRELLE,RUE PETRELLE,75109,3,31.0,366000,11806,277,48.881023,2.347184
2021-1691175,2021-07-30,2021,6 RUE DU DELTA,RUE DU DELTA,75109,1,27.0,333000,12333,91,48.882692,2.349015
2021-1691761,2021-08-02,2021,10 RUE DU DELTA,RUE DU DELTA,75109,4,110.0,1170000,10636,75,48.882719,2.348439
2021-1691415,2021-08-02,2021,120 BD DE LA CHAPELLE,BD DE LA CHAPELLE,75118,1,11.0,98171,8925,179,48.884286,2.350401
2021-1690766,2021-08-03,2021,54 RUE DE DUNKERQUE,RUE DE DUNKERQUE,75109,4,84.0,1096700,13056,167,48.881911,2.347982
2021-1691694,2021-08-04,2021,10 BD BARBES,BD BARBES,75118,3,90.0,790000,8778,161,48.884326,2.35004
2021-1690938,2021-08-05,2021,10 PL D ANVERS,PL D ANVERS,75109,1,18.0,217000,12056,275,48.882453,2.344879
2021-1691931,2021-08-05,2021,5 RUE GERANDO,RUE GERANDO,75109,5,96.0,1240000,12917,264,48.882242,2.345193
2021-1691421,2021-08-12,2021,5 RUE GERANDO,RUE GERANDO,75109,3,38.0,461150,12136,264,48.882242,2.345193
2021-1692098,2021-08-23,2021,193 RUE DU FG POISSONNIERE,RUE DU FG POISSONNIERE,75109,3,57.0,575000,10088,59,48.883225,2.349125
2021-1692798,2021-08-23,2021,10 RUE DES ISLETTES,RUE DES ISLETTES,75118,1,14.0,197000,14071,235,48.884475,2.351123
2021-1692081,2021-08-26,2021,6 AV TRUDAINE,AV TRUDAINE,75109,2,60.0,893250,14888,248,48.88202,2.345679
2021-1692258,2021-08-26,2021,10 RUE PIERRE PICARD,RUE PIERRE PICARD,75118,1,18.0,125000,6944,240,48.884938,2.346068
2021-1692135,2021-08-30,2021,175 RUE DU FG POISSONNIERE,RUE DU FG POISSONNIERE,75109,2,54.0,658520,12195,192,48.881697,2.348896
2021-1692303,2021-08-30,2021,42 RUE DE LA CHARBONNIERE,RUE DE LA CHARBONNIERE,75118,2,55.0,545475,9918,258,48.884203,2.351668
2021-1692669,2021-08-30,2021,42 BD ROCHECHOUART,BD ROCHECHOUART,75118,1,17.0,214000,12588,155,48.883636,2.346275
2021-1692046,2021-08-31,2021,15 RUE DE SOFIA,RUE DE SOFIA,75118,2,51.0,585000,11471,110,48.884306,2.347791
2021-1692518,2021-08-31,2021,50 RUE DE LA GOUTTE D OR,RUE DE LA GOUTTE D OR,75118,4,52.0,476000,9154,278,48.885472,2.350465
2021-1692491,2021-09-01,2021,6 IMP DU CADRAN,IMP DU CADRAN,75118,1,10.0,110000,11000,191,48.883713,2.345794
2021-1692737,2021-09-02,2021,56 RUE DE DUNKERQUE,RUE DE DUNKERQUE,75109,2,39.0,420000,10769,166,48.881947,2.347787
2021-1693308,2021-09-06,2021,92 RUE DE ROCHECHOUART,RUE DE ROCHECHOUART,75109,1,45.0,515000,11444,74,48.882927,2.347633
2021-1693580,2021-09-07,2021,71 RUE DE DUNKERQUE,RUE DE DUNKERQUE,75109,1,27.0,305000,11296,216,48.881589,2.347274
2021-1694465,2021-09-08,2021,5 RUE SEVESTE,RUE SEVESTE,75118,3,53.0,270000,5094,275,48.883596,2.344614
2021-1692687,2021-09-10,2021,2 RUE BRIQUET,RUE BRIQUET,75118,2,25.0,269870,10795,299,48.883502,2.344279
2021-1694265,2021-09-10,2021,10 RUE PIERRE PICARD,RUE PIERRE PICARD,75118,1,15.0,157500,10500,240,48.884938,2.346068
2021-1692691,2021-09-13,2021,82 RUE DE ROCHECHOUART,RUE DE ROCHECHOUART,75109,1,23.0,308970,13433,156,48.882308,2.347001
2021-1693343,2021-09-13,2021,6 RUE DE CLIGNANCOURT,RUE DE CLIGNANCOURT,75118,1,23.0,239500,10413,110,48.884306,2.347791
2021-1693643,2021-09-16,2021,10 RUE GERANDO,RUE GERANDO,75109,1,14.0,172400,12314,195,48.882456,2.346111
2021-1693279,2021-09-16,2021,20 RUE DE CLIGNANCOURT,RUE DE CLIGNANCOURT,75118,2,39.0,345000,8846,214,48.885276,2.34776
2021-1693216,2021-09-20,2021,9 BD DE ROCHECHOUART,BD DE ROCHECHOUART,75109,2,45.0,498075,11068,22,48.883224,2.348194
2021-1693665,2021-09-23,2021,71 RUE DE DUNKERQUE,RUE DE DUNKERQUE,75109,2,60.0,565000,9417,216,48.881589,2.347274
2021-1693690,2021-09-27,2021,167 RUE DU FG POISSONNIERE,RUE DU FG POISSONNIERE,75109,2,29.0,275500,9500,240,48.881375,2.349546
2021-1694957,2021-09-27,2021,19 RUE GERANDO,RUE GERANDO,75109,2,26.0,266000,10231,162,48.882961,2.346239
2021-1695643,2021-09-29,2021,92 RUE DE ROCHECHOUART,RUE DE ROCHECHOUART,75109,3,60.0,775000,12917,74,48.882927,2.347633
2021-1694593,2021-09-30,2021,66 RUE DE ROCHECHOUART,RUE DE ROCHECHOUART,75109,1,23.0,264762,11511,260,48.881252,2.346927
2021-1694930,2021-09-30,2021,28 RUE PETRELLE,RUE PETRELLE,75109,2,38.0,237830,6259,288,48.880974,2.346963
2021-1693845,2021-09-30,2021,63 RUE DE LA GOUTTE D OR,RUE DE LA GOUTTE D OR,75118,3,45.0,430000,9556,224,48.885013,2.35018
2021-1694296,2021-09-30,2021,60 BD ROCHECHOUART,BD ROCHECHOUART,75118,2,30.0,343100,11437,259,48.883353,2.344824
2021-1695527,2021-10-04,2021,8 AV TRUDAINE,AV TRUDAINE,75109,3,52.0,620000,11923,262,48.88195,2.345519
2021-1694128,2021-10-04,2021,112 BD DE LA CHAPELLE,BD DE LA CHAPELLE,75118,5,130.0,1060700,8159,209,48.884172,2.350964
2021-1695580,2021-10-04,2021,28 BD ROCHECHOUART,BD ROCHECHOUART,75118,3,64.0,745000,11641,68,48.883854,2.347762
2021-1695633,2021-10-07,2021,72 RUE DE ROCHECHOUART,RUE DE ROCHECHOUART,75109,3,56.0,661400,11811,221,48.881676,2.346845
2021-1695838,2021-10-07,2021,191 RUE DU FG POISSONNIERE,RUE DU FG POISSONNIERE,75109,1,13.0,160000,12308,60,48.883109,2.349064
2021-1695757,2021-10-08,2021,50 RUE DE LA GOUTTE D OR,RUE DE LA GOUTTE D OR,75118,2,36.0,212312,5898,278,48.885472,2.350465
2021-1696436,2021-10-11,2021,2 AV TRUDAINE,AV TRUDAINE,75109,3,84.0,628000,7476,225,48.882066,2.346026
2021-1694710,2021-10-13,2021,10 RUE GERANDO,RUE GERANDO,75109,1,14.0,144000,10286,195,48.882456,2.346111
2021-1695833,2021-10-14,2021,42 RUE DE LA CHARBONNIERE,RUE DE LA CHARBONNIERE,75118,3,70.0,578500,8264,258,48.884203,2.351668
2021-1695784,2021-10-15,2021,76 RUE DE DUNKERQUE,RUE DE DUNKERQUE,75109,3,63.0,387603,6152,225,48.882528,2.345573
2021-1696015,2021-10-15,2021,8 AV TRUDAINE,AV TRUDAINE,75109,2,14.0,215250,15375,262,48.88195,2.345519
2021-1694996,2021-10-15,2021,6 RUE DE CLIGNANCOURT,RUE DE CLIGNANCOURT,75118,4,83.0,955100,11507,110,48.884306,2.347791
2021-1696634,2021-10-18,2021,15 RUE DE SOFIA,RUE DE SOFIA,75118,4,107.0,920000,8598,110,48.884306,2.347791
2021-1696320,2021-10-20,2021,4 RUE CHRISTIANI,RUE CHRISTIANI,75118,1,13.0,96000,7385,282,48.885871,2.349169
2021-1696025,2021-10-21,2021,60 RUE DE DUNKERQUE,RUE DE DUNKERQUE,75109,3,32.0,310906,9716,162,48.882099,2.347346
2021-1696829,2021-10-26,2021,24 BD BARBES,BD BARBES,75118,6,153.0,1295000,8464,256,48.885449,2.349917
2021-1695770,2021-10-27,2021,22 RUE PETRELLE,RUE PETRELLE,75109,4,70.0,782626,11180,283,48.880895,2.347587
2021-1696022,2021-10-27,2021,57 RUE DE DUNKERQUE,RUE DE DUNKERQUE,75109,3,46.0,535000,11630,257,48.881117,2.348974
2021-1695677,2021-10-28,2021,193 RUE DU FG POISSONNIERE,RUE DU FG POISSONNIERE,75109,1,22.0,238100,10823,59,48.883225,2.349125
2021-1695709,2021-10-28,2021,51 RUE DE DUNKERQUE,RUE DE DUNKERQUE,75109,3,50.0,689180,13784,279,48.88101,2.349576
2021-1695741,2021-10-29,2021,167 RUE DU FG POISSONNIERE,RUE DU FG POISSONNIERE,75109,1,20.0,188280,9414,240,48.881375,2.349546
2021-1697177,2021-11-05,2021,7 BD DE ROCHECHOUART,BD DE ROCHECHOUART,75109,3,68.0,715000,10515,33,48.883265,2.348764
2021-1697125,2021-11-08,2021,79 RUE DE DUNKERQUE,RUE DE DUNKERQUE,75109,4,65.0,750000,11538,221,48.881676,2.346845
2021-1696930,2021-11-09,2021,6 RUE DE CLIGNANCOURT,RUE DE CLIGNANCOURT,75118,1,32.0,265000,8281,110,48.884306,2.347791
2021-1698741,2021-11-15,2021,9 RUE DU DELTA,RUE DU DELTA,75109,2,62.0,630000,10161,139,48.882139,2.348256
2021-1697922,2021-11-17,2021,52 RUE DE DUNKERQUE,RUE DE DUNKERQUE,75109,4,99.0,860000,8687,176,48.881805,2.348358
2021-1698323,2021-11-19,2021,5 SQ PETRELLE,SQ PETRELLE,75109,5,88.0,970900,11033,270,48.88099,2.348948
2021-1697292,2021-11-22,2021,38 RUE DE DUNKERQUE,RUE DE DUNKERQUE,75109,1,29.0,370650,12781,252,48.881284,2.349615
2021-1697315,2021-11-24,2021,28 RUE PETRELLE,RUE PETRELLE,75109,3,54.0,665000,12315,288,48.880974,2.346963
2021-1697465,2021-11-24,2021,15 RUE DE SOFIA,RUE DE SOFIA,75118,1,34.0,288000,8471,110,48.884306,2.347791
2021-1698584,2021-11-26,2021,8 RUE DU DELTA,RUE DU DELTA,75109,2,51.0,492150,9650,75,48.882719,2.348439
2021-1697545,2021-11-26,2021,4 RUE D ORSEL,RUE D ORSEL,75118,2,25.0,235000,9400,161,48.8842,2.346534
2021-1697715,2021-11-30,2021,8 RUE BELHOMME,RUE BELHOMME,75118,2,34.0,302500,8897,98,48.884228,2.348763
2021-1698131,2021-12-03,2021,6 RUE DES ISLETTES,RUE DES ISLETTES,75118,2,56.0,519000,9268,227,48.884381,2.351074
2021-1698038,2021-12-06,2021,4 RUE D ORSEL,RUE D ORSEL,75118,5,90.0,933000,10367,161,48.8842,2.346534
2021-1698285,2021-12-10,2021,7 RUE LIVINGSTONE,RUE LIVINGSTONE,75118,2,49.0,638455,13030,266,48.884196,2.344928
2021-1699298,2021-12-13,2021,189 RUE DU FG POISSONNIERE,RUE DU FG POISSONNIERE,75109,1,32.0,354800,11088,39,48.883058,2.348545
2021-1698902,2021-12-15,2021,10 RUE PIERRE PICARD,RUE PIERRE PICARD,75118,2,17.0,260000,15294,240,48.884938,2.346068
2021-1699562,2021-12-21,2021,91 RUE DE ROCHECHOUART,RUE DE ROCHECHOUART,75109,2,27.0,275000,10185,149,48.882759,2.34657
2021-1700068,2021-12-21,2021,4 RUE ANDRE DEL SARTE,RUE ANDRE DEL SARTE,75118,1,18.0,190500,10583,290,48.885838,2.346976
2021-1699615,2021-12-22,2021,11 BD DE ROCHECHOUART,BD DE ROCHECHOUART,75109,5,88.0,877990,9977,31,48.883234,2.348008
2021-1700007,2021-12-22,2021,71 RUE DE DUNKERQUE,RUE DE DUNKERQUE,75109,2,36.0,324600,9017,216,48.881589,2.347274
2021-1699888,2021-12-27,2021,10 RUE GERANDO,RUE GERANDO,75109,1,14.0,163000,11643,195,48.882456,2.346111
2021-1699481,2021-12-29,2021,92 RUE DE ROCHECHOUART,RUE DE ROCHECHOUART,75109,1,25.0,216000,8640,74,48.882927,2.347633
2022-1642034,2022-01-03,2022,66 RUE DE ROCHECHOUART,RUE DE ROCHECHOUART,75109,1,25.0,290000,11600,260,48.881252,2.346927
2022-1641281,2022-01-04,2022,54 RUE DE DUNKERQUE,RUE DE DUNKERQUE,75109,3,71.0,887550,12501,167,48.881911,2.347982
2022-1641843,2022-01-06,2022,83 RUE DE ROCHECHOUART,RUE DE ROCHECHOUART,75109,2,37.0,400000,10811,178,48.88243,2.346408
2022-1642261,2022-01-07,2022,8 AV TRUDAINE,AV TRUDAINE,75109,1,10.0,116500,11650,262,48.88195,2.345519
2022-1641378,2022-01-10,2022,10 RUE SEVESTE,RUE SEVESTE,75118,3,45.0,552000,12267,261,48.883857,2.344858
2022-1641426,2022-01-17,2022,28 RUE PETRELLE,RUE PETRELLE,75109,1,33.0,387210,11734,288,48.880974,2.346963
2022-1642664,2022-01-17,2022,3 RUE BOISSIEU,RUE BOISSIEU,75118,2,32.0,328906,10278,101,48.884225,2.348915
2022-1643000,2022-01-18,2022,24 BD BARBES,BD BARBES,75118,3,78.0,775157,9938,256,48.885449,2.349917
2022-1641852,2022-01-20,2022,5 RUE SEVESTE,RUE SEVESTE,75118,3,50.0,252000,5040,275,48.883596,2.344614
2022-1642046,2022-01-21,2022,6 RUE CHRISTIANI,RUE CHRISTIANI,75118,5,110.0,955500,8686,287,48.885933,2.349001
2022-1642433,2022-01-24,2022,29 BD DE ROCHECHOUART,BD DE ROCHECHOUART,75109,3,47.0,557900,11870,202,48.882848,2.345727
2022-1641953,2022-01-25,2022,4 SQ PETRELLE,SQ PETRELLE,75109,2,30.0,261500,8717,297,48.880788,2.34924
2022-1642164,2022-01-27,2022,69 RUE DE DUNKERQUE,RUE DE DUNKERQUE,75109,5,82.0,1076000,13122,227,48.881377,2.34782
2022-1642373,2022-01-28,2022,54 RUE DE DUNKERQUE,RUE DE DUNKERQUE,75109,3,48.0,635000,13229,167,48.881911,2.347982
2022-1642737,2022-01-28,2022,2 RUE BERVIC,RUE BERVIC,75118,3,80.0,860000,10750,105,48.884202,2.349088
2022-1642062,2022-02-01,2022,17 RUE DE SOFIA,RUE DE SOFIA,75118,1,21.0,248000,11810,110,48.884306,2.347791
2022-1642703,2022-02-02,2022,189 RUE DU FG POISSONNIERE,RUE DU FG POISSONNIERE,75109,1,33.0,316000,9576,39,48.883058,2.348545
2022-1642347,2022-02-02,2022,13 RUE DE SOFIA,RUE DE SOFIA,75118,2,30.0,318000,10600,123,48.88449,2.348168
2022-1643749,2022-02-03,2022,159 RUE DU FG POISSONNIERE,RUE DU FG POISSONNIERE,75109,3,45.0,578300,12851,289,48.880897,2.349494
2022-1642277,2022-02-03,2022,27 RUE DE CLIGNANCOURT,RUE DE CLIGNANCOURT,75118,3,48.0,428000,8917,262,48.88553,2.346845
2022-1642532,2022-02-04,2022,155 BD DE MAGENTA,BD DE MAGENTA,75109,1,10.0,100000,10000,55,48.883314,2.349106
2022-1643289,2022-02-04,2022,25 BD DE ROCHECHOUART,BD DE ROCHECHOUART,75109,3,50.0,571950,11439,176,48.882939,2.346053
2022-1643624,2022-02-04,2022,12 BD BARBES,BD BARBES,75118,4,105.0,761150,7249,187,48.884567,2.350197
2022-1643041,2022-02-07,2022,4 RUE D ORSEL,RUE D ORSEL,75118,2,34.0,335000,9853,161,48.8842,2.346534
2022-1643887,2022-02-11,2022,15 RUE D ORSEL,RUE D ORSEL,75118,2,33.0,346000,10485,212,48.883933,2.345578
2022-1643219,2022-02-18,2022,7 BD DE ROCHECHOUART,BD DE ROCHECHOUART,75109,3,73.0,502000,6877,19,48.883255,2.348514
2022-1643531,2022-02-18,2022,27 BD DE ROCHECHOUART,BD DE ROCHECHOUART,75109,2,45.0,633038,14068,189,48.882899,2.345892
2022-1643650,2022-02-18,2022,19 RUE DU DELTA,RUE DU DELTA,75109,2,32.0,363000,11344,146,48.882293,2.347257
2022-1644842,2022-02-24,2022,9 RUE D ORSEL,RUE D ORSEL,75118,2,37.0,384800,10400,163,48.883851,2.346245
2022-1643983,2022-02-25,2022,5 RUE SEVESTE,RUE SEVESTE,75118,2,25.0,306400,12256,275,48.883596,2.344614
2022-1644089,2022-02-28,2022,175 RUE DU FG POISSONNIERE,RUE DU FG POISSONNIERE,75109,1,38.0,508300,13376,192,48.881697,2.348896
2022-1643854,2022-03-01,2022,55 RUE DE DUNKERQUE,RUE DE DUNKERQUE,75109,2,40.0,427900,10698,264,48.881079,2.349205
2022-1644642,2022-03-08,2022,175 RUE DU FG POISSONNIERE,RUE DU FG POISSONNIERE,75109,7,190.0,2276550,11982,192,48.881697,2.348896
2022-1644599,2022-03-10,2022,7 RUE CHRISTIANI,RUE CHRISTIANI,75118,2,46.0,470000,10217,196,48.885128,2.34881
2022-1644622,2022-03-10,2022,10 RUE DES ISLETTES,RUE DES ISLETTES,75118,3,65.0,530000,8154,235,48.884475,2.351123
2022-1645376,2022-03-11,2022,20 RUE DE CLIGNANCOURT,RUE DE CLIGNANCOURT,75118,3,47.0,505000,10745,214,48.885276,2.34776
2022-1644575,2022-03-14,2022,21 BD DE ROCHECHOUART,BD DE ROCHECHOUART,75109,2,28.0,350000,12500,149,48.883062,2.34638
2022-1644886,2022-03-14,2022,9 BD DE ROCHECHOUART,BD DE ROCHECHOUART,75109,4,85.0,880000,10353,22,48.883224,2.348194
2022-1645173,2022-03-14,2022,6 RUE PETRELLE,RUE PETRELLE,75109,5,98.0,1420000,14490,298,48.880732,2.348869
2022-1644667,2022-03-14,2022,112 BD DE LA CHAPELLE,BD DE LA CHAPELLE,75118,4,80.0,760000,9500,209,48.884172,2.350964
2022-1645086,2022-03-14,2022,4 RUE CHRISTIANI,RUE CHRISTIANI,75118,3,42.0,447700,10660,282,48.885871,2.349169
2022-1644681,2022-03-16,2022,50 RUE DE LA GOUTTE D OR,RUE DE LA GOUTTE D OR,75118,3,52.0,425000,8173,278,48.885472,2.350465
2022-1645260,2022-03-17,2022,120 BD DE LA CHAPELLE,BD DE LA CHAPELLE,75118,2,29.0,278500,9603,179,48.884286,2.350401
2022-1646687,2022-03-21,2022,8 RUE DU DELTA,RUE DU DELTA,75109,4,110.0,1437000,13064,75,48.882719,2.348439
2022-1645465,2022-03-21,2022,24 BD BARBES,BD BARBES,75118,3,70.0,812725,11610,256,48.885449,2.349917
2022-1645592,2022-03-25,2022,5 RUE DE SOFIA,RUE DE SOFIA,75118,1,15.0,105000,7000,128,48.884466,2.348984
2022-1646022,2022-03-29,2022,10 RUE GERANDO,RUE GERANDO,75109,1,13.0,161000,12385,195,48.882456,2.346111
2022-1646260,2022-04-01,2022,93 RUE DE DUNKERQUE,RUE DE DUNKERQUE,75109,1,9.0,95000,10556,270,48.88248,2.344931
2022-1646933,2022-04-01,2022,193 RUE DU FG POISSONNIERE,RUE DU FG POISSONNIERE,75109,4,100.0,984400,9844,59,48.883225,2.349125
2022-1646072,2022-04-01,2022,28 BD ROCHECHOUART,BD ROCHECHOUART,75118,3,65.0,788450,12130,68,48.883854,2.347762
2022-1646936,2022-04-04,2022,11 BD DE ROCHECHOUART,BD DE ROCHECHOUART,75109,1,17.0,170000,10000,31,48.883234,2.348008
2022-1646562,2022-04-04,2022,36 BD ROCHECHOUART,BD ROCHECHOUART,75118,1,17.0,146500,8618,88,48.883827,2.347348
2022-1646117,2022-04-07,2022,10 RUE PIERRE PICARD,RUE PIERRE PICARD,75118,1,55.0,700000,12727,240,48.884938,2.346068
2022-1646217,2022-04-11,2022,82 RUE DE ROCHECHOUART,RUE DE ROCHECHOUART,75109,2,44.0,515000,11705,156,48.882308,2.347001
2022-1647171,2022-04-11,2022,15 RUE DE SOFIA,RUE DE SOFIA,75118,1,33.0,307000,9303,110,48.884306,2.347791
2022-1647079,2022-04-12,2022,6 IMP DU CADRAN,IMP DU CADRAN,75118,2,24.0,270000,11250,191,48.883713,2.345794
2022-1647089,2022-04-12,2022,4 RUE D ORSEL,RUE D ORSEL,75118,1,11.0,113000,10273,161,48.8842,2.346534
2022-1646609,2022-04-13,2022,27 RUE DE CLIGNANCOURT,RUE DE CLIGNANCOURT,75118,2,52.0,526815,10131,262,48.88553,2.346845
2022-1646792,2022-04-15,2022,30 BD ROCHECHOUART,BD ROCHECHOUART,75118,3,86.0,740000,8605,73,48.883828,2.347612
2022-1647117,2022-04-15,2022,5 RUE CHRISTIANI,RUE CHRISTIANI,75118,3,71.0,837150,11791,196,48.885128,2.34881
2022-1647263,2022-04-15,2022,8 RUE BELHOMME,RUE BELHOMME,75118,3,55.0,597000,10855,98,48.884228,2.348763
2022-1647706,2022-04-19,2022,8 RUE BOISSIEU,RUE BOISSIEU,75118,2,30.0,316130,10538,130,48.8845,2.348924
2022-1647134,2022-04-20,2022,10 RUE PIERRE PICARD,RUE PIERRE PICARD,75118,1,16.0,175000,10938,240,48.884938,2.346068
2022-1646994,2022-04-21,2022,50 RUE DE LA GOUTTE D OR,RUE DE LA GOUTTE D OR,75118,3,51.0,350000,6863,278,48.885472,2.350465
2022-1648672,2022-04-25,2022,13 RUE GERANDO,RUE GERANDO,75109,3,69.0,865000,12536,198,48.882735,2.345837
2022-1647824,2022-04-26,2022,79 RUE DE ROCHECHOUART,RUE DE ROCHECHOUART,75109,3,46.0,601000,13065,193,48.882225,2.346412
2022-1647384,2022-04-27,2022,189 RUE DU FG POISSONNIERE,RUE DU FG POISSONNIERE,75109,1,33.0,349000,10576,39,48.883058,2.348545
2022-1647737,2022-04-29,2022,15 RUE DE SOFIA,RUE DE SOFIA,75118,4,84.0,1179812,14045,110,48.884306,2.347791
2022-1648357,2022-04-29,2022,13 RUE DE SOFIA,RUE DE SOFIA,75118,3,50.0,574000,11480,123,48.88449,2.348168
2022-1648875,2022-05-02,2022,8 RUE DU DELTA,RUE DU DELTA,75109,2,46.0,455000,9891,75,48.882719,2.348439
2022-1648625,2022-05-04,2022,71 RUE DE DUNKERQUE,RUE DE DUNKERQUE,75109,2,46.0,523400,11378,216,48.881589,2.347274
2022-1648163,2022-05-04,2022,6 RUE DE CLIGNANCOURT,RUE DE CLIGNANCOURT,75118,1,32.0,375000,11719,110,48.884306,2.347791
2022-1648059,2022-05-05,2022,54 RUE DE DUNKERQUE,RUE DE DUNKERQUE,75109,3,55.0,595000,10818,167,48.881911,2.347982
2022-1648091,2022-05-09,2022,28 BD ROCHECHOUART,BD ROCHECHOUART,75118,3,55.0,670000,12182,68,48.883854,2.347762
2022-1648233,2022-05-10,2022,71 RUE DE DUNKERQUE,RUE DE DUNKERQUE,75109,1,36.0,475000,13194,216,48.881589,2.347274
2022-1649801,2022-05-11,2022,175 RUE DU FG POISSONNIERE,RUE DU FG POISSONNIERE,75109,5,83.0,1040000,12530,192,48.881697,2.348896
2022-1649704,2022-05-11,2022,16 RUE DE CLIGNANCOURT,RUE DE CLIGNANCOURT,75118,2,30.0,400000,13333,176,48.884848,2.347424
2022-1648480,2022-05-12,2022,75 RUE DE ROCHECHOUART,RUE DE ROCHECHOUART,75109,2,63.0,734000,11651,263,48.881548,2.346116
2022-1649254,2022-05-12,2022,50 RUE DE LA GOUTTE D OR,RUE DE LA GOUTTE D OR,75118,3,47.0,404900,8615,278,48.885472,2.350465
2022-1649421,2022-05-12,2022,42 BD ROCHECHOUART,BD ROCHECHOUART,75118,1,33.0,340000,10303,155,48.883636,2.346275
2022-1649203,2022-05-16,2022,19 BD BARBES,BD BARBES,75118,2,44.0,235000,5341,278,48.885823,2.349258
2022-1649048,2022-05-17,2022,6 RUE DE CLIGNANCOURT,RUE DE CLIGNANCOURT,75118,1,27.0,340000,12593,110,48.884306,2.347791
2022-1650090,2022-05-19,2022,62 RUE DE DUNKERQUE,RUE DE DUNKERQUE,75109,1,17.0,180000,10588,174,48.882063,2.347101
2022-1649171,2022-05-19,2022,7 RUE D ORSEL,RUE D ORSEL,75118,2,37.0,399000,10784,163,48.883851,2.346245
2022-1649459,2022-05-23,2022,69 RUE DE DUNKERQUE,RUE DE DUNKERQUE,75109,5,82.0,1431650,17459,227,48.881377,2.34782
2022-1649255,2022-05-24,2022,34 RUE PETRELLE,RUE PETRELLE,75109,3,87.0,1070000,12299,292,48.880996,2.34673
2022-1649364,2022-05-24,2022,71 RUE DE DUNKERQUE,RUE DE DUNKERQUE,75109,4,95.0,1040000,10947,216,48.881589,2.347274
2022-1649885,2022-05-24,2022,66 RUE DE ROCHECHOUART,RUE DE ROCHECHOUART,75109,1,26.0,331500,12750,260,48.881252,2.346927
2022-1649748,2022-05-24,2022,7 RUE LIVINGSTONE,RUE LIVINGSTONE,75118,3,52.0,650000,12500,266,48.884196,2.344928
2022-1649930,2022-05-24,2022,27 RUE DE CLIGNANCOURT,RUE DE CLIGNANCOURT,75118,3,50.0,400000,8000,262,48.88553,2.346845
2022-1650396,2022-05-25,2022,15 RUE DU DELTA,RUE DU DELTA,75109,2,47.0,340000,7234,138,48.882262,2.347576
2022-1650335,2022-05-30,2022,8 RUE DU DELTA,RUE DU DELTA,75109,3,64.0,725000,11328,75,48.882719,2.348439
2022-1649340,2022-06-01,2022,5 RUE GERANDO,RUE GERANDO,75109,3,55.0,774722,14086,264,48.882242,2.345193
2022-1650406,2022-06-01,2022,4 RUE D ORSEL,RUE D ORSEL,75118,1,24.0,285000,11875,161,48.8842,2.346534
2022-1650474,2022-06-02,2022,10 RUE PIERRE PICARD,RUE PIERRE PICARD,75118,3,49.0,635000,12959,240,48.884938,2.346068
2022-1650266,2022-06-03,2022,42 RUE DE LA CHARBONNIERE,RUE DE LA CHARBONNIERE,75118,3,79.0,555000,7025,258,48.884203,2.351668
2022-1651403,2022-06-08,2022,4 RUE PIERRE PICARD,RUE PIERRE PICARD,75118,2,67.0,635000,9478,212,48.884878,2.346544
2022-1650231,2022-06-09,2022,60 RUE DE DUNKERQUE,RUE DE DUNKERQUE,75109,2,22.0,277000,12591,162,48.882099,2.347346
2022-1651696,2022-06-10,2022,55 RUE DE DUNKERQUE,RUE DE DUNKERQUE,75109,1,14.0,70000,5000,264,48.881079,2.349205
2022-1650273,2022-06-13,2022,177 RUE DU FG POISSONNIERE,RUE DU FG POISSONNIERE,75109,1,12.0,125000,10417,165,48.882037,2.349268
2022-1651086,2022-06-15,2022,27 RUE DE CLIGNANCOURT,RUE DE CLIGNANCOURT,75118,1,18.0,190000,10556,262,48.88553,2.346845
2022-1652212,2022-06-15,2022,4 RUE PIERRE PICARD,RUE PIERRE PICARD,75118,2,62.0,620000,10000,212,48.884878,2.346544
2022-1650520,2022-06-16,2022,71 RUE DE DUNKERQUE,RUE DE DUNKERQUE,75109,1,26.0,317500,12212,216,48.881589,2.347274
2022-1651087,2022-06-16,2022,9 BD DE ROCHECHOUART,BD DE ROCHECHOUART,75109,1,38.0,345000,9079,22,48.883224,2.348194
2022-1650857,2022-06-20,2022,38 RUE DE DUNKERQUE,RUE DE DUNKERQUE,75109,1,9.0,89000,9889,252,48.881284,2.349615
2022-1651163,2022-06-21,2022,6 RUE SEVESTE,RUE SEVESTE,75118,2,31.0,334650,10795,232,48.883626,2.345206
2022-1651495,2022-06-22,2022,12 RUE DU DELTA,RUE DU DELTA,75109,4,100.0,1200000,12000,52,48.882925,2.348269
2022-1652341,2022-06-27,2022,189 RUE DU FG POISSONNIERE,RUE DU FG POISSONNIERE,75109,3,49.0,534115,10900,39,48.883058,2.348545
2022-1652169,2022-06-27,2022,6 IMP DU CADRAN,IMP DU CADRAN,75118,2,25.0,270000,10800,191,48.883713,2.345794
2022-1652323,2022-06-28,2022,189 RUE DU FG POISSONNIERE,RUE DU FG POISSONNIERE,75109,1,31.0,300000,9677,39,48.883058,2.348545
2022-1651440,2022-06-29,2022,7 RUE ANDRE DEL SARTE,RUE ANDRE DEL SARTE,75118,2,40.0,388000,9700,269,48.885594,2.346837
2022-1651620,2022-07-01,2022,5 RUE SEVESTE,RUE SEVESTE,75118,2,35.0,299200,8549,275,48.883596,2.344614
2022-1653780,2022-07-01,2022,10 RUE PIERRE PICARD,RUE PIERRE PICARD,75118,1,27.0,291650,10802,240,48.884938,2.346068
2022-1653143,2022-07-05,2022,193 RUE DU FG POISSONNIERE,RUE DU FG POISSONNIERE,75109,2,41.0,400000,9756,59,48.883225,2.349125
2022-1652624,2022-07-06,2022,91 RUE DE DUNKERQUE,RUE DE DUNKERQUE,75109,3,53.0,570000,10755,264,48.882397,2.345079
2022-1652645,2022-07-07,2022,28 BD ROCHECHOUART,BD ROCHECHOUART,75118,1,12.0,173000,14417,68,48.883854,2.347762
2022-1652382,2022-07-08,2022,64 RUE DE ROCHECHOUART,RUE DE ROCHECHOUART,75109,2,62.0,895500,14444,280,48.881058,2.34691
2022-1653371,2022-07-08,2022,15 RUE ANDRE DEL SARTE,RUE ANDRE DEL SARTE,75118,3,40.0,493900,12348,299,48.885536,2.345892
2022-1653696,2022-07-08,2022,50 RUE DE LA GOUTTE D OR,RUE DE LA GOUTTE D OR,75118,3,50.0,487500,9750,278,48.885472,2.350465
2022-1652524,2022-07-11,2022,6 RUE DES ISLETTES,RUE DES ISLETTES,75118,3,57.0,530000,9298,227,48.884381,2.351074
2022-1653939,2022-07-11,2022,102 BD DE LA CHAPELLE,BD DE LA CHAPELLE,75118,3,46.0,280000,6087,251,48.884307,2.351498
2022-1653472,2022-07-12,2022,71 RUE DE DUNKERQUE,RUE DE DUNKERQUE,75109,2,45.0,496300,11029,216,48.881589,2.347274
2022-1653978,2022-07-12,2022,44 BD ROCHECHOUART,BD ROCHECHOUART,75118,3,51.0,615000,12059,152,48.883584,2.346301
2022-1652911,2022-07-13,2022,120 BD DE LA CHAPELLE,BD DE LA CHAPELLE,75118,4,90.0,812850,9032,179,48.884286,2.350401
2022-1653081,2022-07-18,2022,7 AV TRUDAINE,AV TRUDAINE,75109,1,51.0,615000,12059,279,48.881515,2.345819
2022-1654452,2022-07-18,2022,60 BD ROCHECHOUART,BD ROCHECHOUART,75118,2,30.0,405000,13500,259,48.883353,2.344824
2022-1653076,2022-07-19,2022,6 RUE DU DELTA,RUE DU DELTA,75109,1,30.0,280000,9333,91,48.882692,2.349015
2022-1653057,2022-07-22,2022,7 BD DE ROCHECHOUART,BD DE ROCHECHOUART,75109,2,31.0,384000,12387,19,48.883255,2.348514
2022-1655035,2022-07-22,2022,63 RUE DE LA GOUTTE D OR,RUE DE LA GOUTTE D OR,75118,1,12.0,117000,9750,224,48.885013,2.35018
2022-1655061,2022-07-26,2022,92 RUE DE ROCHECHOUART,RUE DE ROCHECHOUART,75109,1,19.0,244800,12884,74,48.882927,2.347633
2022-1655353,2022-07-26,2022,60 RUE DE DUNKERQUE,RUE DE DUNKERQUE,75109,3,29.0,354000,12207,162,48.882099,2.347346
2022-1653909,2022-07-26,2022,48 RUE DE LA GOUTTE D OR,RUE DE LA GOUTTE D OR,75118,2,32.0,248000,7750,291,48.885487,2.350733
2022-1654367,2022-07-27,2022,19 BD BARBES,BD BARBES,75118,2,50.0,525000,10500,278,48.885823,2.349258
2022-1653815,2022-07-28,2022,92 RUE DE ROCHECHOUART,RUE DE ROCHECHOUART,75109,3,48.0,559630,11659,74,48.882927,2.347633
2022-1654788,2022-08-02,2022,21 BD BARBES,BD BARBES,75118,4,56.0,735185,13128,295,48.885995,2.349136
2022-1655477,2022-08-02,2022,13 RUE DE SOFIA,RUE DE SOFIA,75118,2,27.0,278450,10313,123,48.88449,2.348168
2022-1654584,2022-08-03,2022,76 RUE DE ROCHECHOUART,RUE DE ROCHECHOUART,75109,2,30.0,409800,13660,180,48.882079,2.346911
2022-1655132,2022-08-04,2022,4 SQ PETRELLE,SQ PETRELLE,75109,4,88.0,883495,10040,297,48.880788,2.34924
2022-1654891,2022-08-05,2022,5 RUE SEVESTE,RUE SEVESTE,75118,2,42.0,395000,9405,275,48.883596,2.344614
2022-1654989,2022-08-09,2022,2 RUE LIVINGSTONE,RUE LIVINGSTONE,75118,2,50.0,700850,14017,215,48.88435,2.345814
2022-1656284,2022-08-25,2022,21 BD DE ROCHECHOUART,BD DE ROCHECHOUART,75109,1,20.0,159000,7950,149,48.883062,2.34638
2022-1656346,2022-08-30,2022,28 BD ROCHECHOUART,BD ROCHECHOUART,75118,3,51.0,645000,12647,68,48.883854,2.347762
2022-1655694,2022-08-31,2022,191 RUE DU FG POISSONNIERE,RUE DU FG POISSONNIERE,75109,1,27.0,275000,10185,60,48.883109,2.349064
2022-1656898,2022-08-31,2022,167 RUE DU FG POISSONNIERE,RUE DU FG POISSONNIERE,75109,2,32.0,285000,8906,240,48.881375,2.349546
2022-1656763,2022-08-31,2022,58 BD ROCHECHOUART,BD ROCHECHOUART,75118,1,18.0,170000,9444,252,48.883361,2.344915
2022-1656911,2022-09-02,2022,12 BD BARBES,BD BARBES,75118,4,105.0,860100,8191,187,48.884567,2.350197
2022-1655871,2022-09-05,2022,72 RUE DE DUNKERQUE,RUE DE DUNKERQUE,75109,3,65.0,558590,8594,197,48.882366,2.346166
2022-1656360,2022-09-05,2022,2 RUE BRIQUET,RUE BRIQUET,75118,2,14.0,112000,8000,299,48.883502,2.344279
2022-1657427,2022-09-06,2022,71 RUE DE DUNKERQUE,RUE DE DUNKERQUE,75109,4,96.0,1270000,13229,216,48.881589,2.347274
2022-1655990,2022-09-07,2022,13 RUE GERANDO,RUE GERANDO,75109,4,60.0,882880,14715,198,48.882735,2.345837
2022-1656808,2022-09-07,2022,155 BD DE MAGENTA,BD DE MAGENTA,75109,6,181.0,1150000,6354,55,48.883314,2.349106
2022-1656494,2022-09-13,2022,13 RUE ANDRE DEL SARTE,RUE ANDRE DEL SARTE,75118,2,37.0,449150,12139,287,48.885492,2.346091
2022-1658296,2022-09-16,2022,89 RUE DE DUNKERQUE,RUE DE DUNKERQUE,75109,3,58.0,743850,12825,261,48.882326,2.345176
2022-1657009,2022-09-16,2022,12 RUE D ORSEL,RUE D ORSEL,75118,1,13.0,191560,14735,251,48.884166,2.345136
2022-1657406,2022-09-16,2022,27 RUE DE CLIGNANCOURT,RUE DE CLIGNANCOURT,75118,2,51.0,521739,10230,262,48.88553,2.346845
2022-1658469,2022-09-19,2022,193 RUE DU FG POISSONNIERE,RUE DU FG POISSONNIERE,75109,4,85.0,808600,9513,59,48.883225,2.349125
2022-1657137,2022-09-20,2022,71 RUE DE DUNKERQUE,RUE DE DUNKERQUE,75109,1,50.0,620000,12400,216,48.881589,2.347274
2022-1657787,2022-09-20,2022,62 RUE DE DUNKERQUE,RUE DE DUNKERQUE,75109,2,37.0,430000,11622,174,48.882063,2.347101
2022-1658130,2022-09-21,2022,17 BD DE ROCHECHOUART,BD DE ROCHECHOUART,75109,5,84.0,920000,10952,67,48.883125,2.347535
2022-1658891,2022-09-23,2022,17 RUE GERANDO,RUE GERANDO,75109,2,41.0,481000,11732,174,48.882893,2.346098
2022-1657549,2022-09-26,2022,175 RUE DU FG POISSONNIERE,RUE DU FG POISSONNIERE,75109,2,51.0,548400,10753,192,48.881697,2.348896
2022-1658790,2022-09-26,2022,15 RUE GERANDO,RUE GERANDO,75109,1,22.0,256200,11645,186,48.882789,2.345992
2022-1658481,2022-09-26,2022,6 RUE DE CLIGNANCOURT,RUE DE CLIGNANCOURT,75118,2,54.0,480000,8889,110,48.884306,2.347791
2022-1658613,2022-09-27,2022,92 RUE DE ROCHECHOUART,RUE DE ROCHECHOUART,75109,1,17.0,135000,7941,74,48.882927,2.347633
2022-1658202,2022-09-27,2022,9 RUE D ORSEL,RUE D ORSEL,75118,1,20.0,102000,5100,163,48.883851,2.346245
2022-1657886,2022-09-29,2022,9 RUE DU DELTA,RUE DU DELTA,75109,2,68.0,713850,10498,139,48.882139,2.348256
2022-1658285,2022-09-30,2022,54 RUE DE DUNKERQUE,RUE DE DUNKERQUE,75109,2,49.0,604200,12331,167,48.881911,2.347982
2022-1658844,2022-09-30,2022,54 RUE DE DUNKERQUE,RUE DE DUNKERQUE,75109,4,68.0,998000,14676,167,48.881911,2.347982
2022-1658885,2022-09-30,2022,6 AV TRUDAINE,AV TRUDAINE,75109,3,56.0,600000,10714,248,48.88202,2.345679
2022-1658576,2022-10-03,2022,83 RUE DE ROCHECHOUART,RUE DE ROCHECHOUART,75109,2,23.0,255000,11087,178,48.88243,2.346408
2022-1659245,2022-10-04,2022,56 RUE DE DUNKERQUE,RUE DE DUNKERQUE,75109,2,35.0,330000,9429,166,48.881947,2.347787
2022-1658872,2022-10-04,2022,9 BD BARBES,BD BARBES,75118,2,16.0,148000,9250,185,48.884958,2.349209
2022-1658474,2022-10-06,2022,31 BD DE ROCHECHOUART,BD DE ROCHECHOUART,75109,3,50.0,618800,12376,213,48.882886,2.345544
2022-1658913,2022-10-11,2022,72 RUE DE ROCHECHOUART,RUE DE ROCHECHOUART,75109,6,104.0,1221300,11743,221,48.881676,2.346845
2022-1658966,2022-10-11,2022,6 RUE GERANDO,RUE GERANDO,75109,1,9.0,95000,10556,248,48.882067,2.345634
2022-1660121,2022-10-11,2022,13 RUE GERANDO,RUE GERANDO,75109,2,69.0,712000,10319,198,48.882735,2.345837
2022-1659378,2022-10-14,2022,7 RUE CHRISTIANI,RUE CHRISTIANI,75118,2,53.0,470000,8868,196,48.885128,2.34881
2022-1659788,2022-10-14,2022,120 BD DE LA CHAPELLE,BD DE LA CHAPELLE,75118,2,30.0,190000,6333,179,48.884286,2.350401
2022-1660857,2022-10-27,2022,120 BD DE LA CHAPELLE,BD DE LA CHAPELLE,75118,2,38.0,223000,5868,179,48.884286,2.350401
2022-1659956,2022-10-28,2022,22 RUE PETRELLE,RUE PETRELLE,75109,5,86.0,1240750,14427,283,48.880895,2.347587
2022-1660972,2022-10-28,2022,50 RUE DE LA GOUTTE D OR,RUE DE LA GOUTTE D OR,75118,2,36.0,292000,8111,278,48.885472,2.350465
2022-1661059,2022-11-04,2022,59 RUE DE DUNKERQUE,RUE DE DUNKERQUE,75109,1,13.0,126000,9692,251,48.88115,2.348815
2022-1660897,2022-11-04,2022,13 RUE DE SOFIA,RUE DE SOFIA,75118,2,24.0,272500,11354,123,48.88449,2.348168
2022-1660450,2022-11-09,2022,27 RUE DE CLIGNANCOURT,RUE DE CLIGNANCOURT,75118,1,45.0,420000,9333,262,48.88553,2.346845
2022-1660712,2022-11-10,2022,16 RUE DU DELTA,RUE DU DELTA,75109,3,34.0,430000,12647,94,48.882583,2.347984
2022-1661044,2022-11-10,2022,175 RUE DU FG POISSONNIERE,RUE DU FG POISSONNIERE,75109,1,28.0,311002,11107,192,48.881697,2.348896
2022-1661406,2022-11-15,2022,10 AV TRUDAINE,AV TRUDAINE,75109,2,45.0,490000,10889,273,48.88192,2.345372
2022-1661062,2022-11-16,2022,10 RUE SEVESTE,RUE SEVESTE,75118,2,39.0,428572,10989,261,48.883857,2.344858
2022-1660907,2022-11-18,2022,7 AV TRUDAINE,AV TRUDAINE,75109,3,49.0,574780,11730,279,48.881515,2.345819
2022-1661991,2022-11-18,2022,18 RUE DE CLIGNANCOURT,RUE DE CLIGNANCOURT,75118,2,35.0,386000,11029,208,48.885188,2.347585
2022-1661165,2022-11-22,2022,4 SQ PETRELLE,SQ PETRELLE,75109,5,91.0,1094400,12026,297,48.880788,2.34924
2022-1661677,2022-11-23,2022,78 RUE DE ROCHECHOUART,RUE DE ROCHECHOUART,75109,1,10.0,93000,9300,175,48.882142,2.346914
2022-1661423,2022-11-25,2022,27 BD DE ROCHECHOUART,BD DE ROCHECHOUART,75109,2,41.0,420000,10244,189,48.882899,2.345892
2022-1661670,2022-11-30,2022,185 RUE DU FG POISSONNIERE,RUE DU FG POISSONNIERE,75109,2,42.0,478605,11395,95,48.882741,2.349211
2022-1661821,2022-11-30,2022,79 RUE DE DUNKERQUE,RUE DE DUNKERQUE,75109,2,46.0,790000,17174,221,48.881676,2.346845
2022-1662743,2022-12-01,2022,92 RUE DE ROCHECHOUART,RUE DE ROCHECHOUART,75109,1,14.0,157000,11214,74,48.882927,2.347633
2022-1663131,2022-12-01,2022,50 RUE DE LA GOUTTE D OR,RUE DE LA GOUTTE D OR,75118,2,56.0,428190,7646,278,48.885472,2.350465
2022-1661743,2022-12-06,2022,8 AV TRUDAINE,AV TRUDAINE,75109,2,32.0,484800,15150,262,48.88195,2.345519
2022-1661912,2022-12-07,2022,5 RUE GERANDO,RUE GERANDO,75109,3,55.0,680000,12364,264,48.882242,2.345193
2022-1662585,2022-12-08,2022,93 RUE DE DUNKERQUE,RUE DE DUNKERQUE,75109,1,18.0,179200,9956,270,48.88248,2.344931
2022-1662988,2022-12-08,2022,19 RUE DE SOFIA,RUE DE SOFIA,75118,1,12.0,94000,7833,154,48.884721,2.347756
2022-1662326,2022-12-14,2022,13 RUE GERANDO,RUE GERANDO,75109,2,26.0,318000,12231,198,48.882735,2.345837
2022-1662364,2022-12-14,2022,16 RUE DU DELTA,RUE DU DELTA,75109,3,38.0,450163,11846,94,48.882583,2.347984
2022-1662734,2022-12-14,2022,10 RUE PIERRE PICARD,RUE PIERRE PICARD,75118,1,19.0,195000,10263,240,48.884938,2.346068
2022-1663259,2022-12-16,2022,42 RUE DE DUNKERQUE,RUE DE DUNKERQUE,75109,4,70.0,892000,12743,227,48.881457,2.34937
2022-1663001,2022-12-19,2022,15 RUE DU DELTA,RUE DU DELTA,75109,2,49.0,470000,9592,138,48.882262,2.347576
2022-1662898,2022-12-19,2022,60 BD ROCHECHOUART,BD ROCHECHOUART,75118,1,10.0,100000,10000,259,48.883353,2.344824
2022-1663792,2022-12-20,2022,72 RUE DE ROCHECHOUART,RUE DE ROCHECHOUART,75109,1,9.0,143500,15944,221,48.881676,2.346845
2022-1663021,2022-12-21,2022,38 RUE DE DUNKERQUE,RUE DE DUNKERQUE,75109,1,29.0,320500,11052,252,48.881284,2.349615
2022-1663868,2022-12-21,2022,14 BD BARBES,BD BARBES,75118,3,72.0,711250,9878,195,48.884685,2.350155
2022-1663575,2022-12-28,2022,66 RUE DE ROCHECHOUART,RUE DE ROCHECHOUART,75109,1,19.0,245000,12895,260,48.881252,2.346927
2022-1663151,2022-12-28,2022,13 RUE DE SOFIA,RUE DE SOFIA,75118,2,30.0,265000,8833,123,48.88449,2.348168
2022-1664065,2022-12-29,2022,7 RUE CHRISTIANI,RUE CHRISTIANI,75118,2,46.0,350350,7616,196,48.885128,2.34881
2023-1322182,2023-01-06,2023,4 SQ PETRELLE,SQ PETRELLE,75109,4,95.0,1045000,11000,297,48.880788,2.34924
2023-1322586,2023-01-06,2023,17 BD DE ROCHECHOUART,BD DE ROCHECHOUART,75109,3,67.0,733176,10943,67,48.883125,2.347535
2023-1322600,2023-01-09,2023,60 RUE DE DUNKERQUE,RUE DE DUNKERQUE,75109,1,10.0,135000,13500,162,48.882099,2.347346
2023-1322365,2023-01-10,2023,28 RUE PETRELLE,RUE PETRELLE,75109,2,37.0,380000,10270,288,48.880974,2.346963
2023-1322174,2023-01-16,2023,71 RUE DE DUNKERQUE,RUE DE DUNKERQUE,75109,1,25.0,287600,11504,216,48.881589,2.347274
2023-1323088,2023-01-16,2023,54 RUE DE DUNKERQUE,RUE DE DUNKERQUE,75109,4,75.0,780050,10401,167,48.881911,2.347982
2023-1322853,2023-01-16,2023,6 RUE SEVESTE,RUE SEVESTE,75118,1,15.0,160000,10667,232,48.883626,2.345206
2023-1322612,2023-01-17,2023,84 RUE DE ROCHECHOUART,RUE DE ROCHECHOUART,75109,4,67.0,720000,10746,126,48.882582,2.347144
2023-1322267,2023-01-18,2023,6 RUE CHRISTIANI,RUE CHRISTIANI,75118,3,49.0,528000,10776,287,48.885933,2.349001
2023-1322461,2023-01-19,2023,46 BD ROCHECHOUART,BD ROCHECHOUART,75118,3,45.0,504000,11200,172,48.883639,2.346038
2023-1322843,2023-01-25,2023,9 BD DE ROCHECHOUART,BD DE ROCHECHOUART,75109,2,33.0,352760,10690,16,48.883248,2.348404
2023-1323372,2023-01-26,2023,5 SQ PETRELLE,SQ PETRELLE,75109,2,50.0,435000,8700,270,48.88099,2.348948
2023-1322998,2023-01-27,2023,54 RUE DE DUNKERQUE,RUE DE DUNKERQUE,75109,1,20.0,176000,8800,167,48.881911,2.347982
2023-1324197,2023-01-30,2023,50 RUE DE LA GOUTTE D OR,RUE DE LA GOUTTE D OR,75118,3,56.0,477000,8518,278,48.885472,2.350465
2023-1322962,2023-01-31,2023,12 RUE GERANDO,RUE GERANDO,75109,5,83.0,989050,11916,185,48.882483,2.346247
2023-1322954,2023-02-02,2023,189 RUE DU FG POISSONNIERE,RUE DU FG POISSONNIERE,75109,1,15.0,157500,10500,39,48.883058,2.348545
2023-1324145,2023-02-03,2023,20 RUE DE CLIGNANCOURT,RUE DE CLIGNANCOURT,75118,4,82.0,790700,9643,214,48.885276,2.34776
2023-1323678,2023-02-14,2023,6 AV TRUDAINE,AV TRUDAINE,75109,3,56.0,714000,12750,248,48.88202,2.345679
2023-1323782,2023-02-15,2023,1 RUE ANDRE DEL SARTE,RUE ANDRE DEL SARTE,75118,3,52.0,486000,9346,263,48.885622,2.34716
2023-1324300,2023-02-15,2023,4 RUE D ORSEL,RUE D ORSEL,75118,2,30.0,230000,7667,161,48.8842,2.346534
2023-1324174,2023-02-16,2023,9 RUE DE SOFIA,RUE DE SOFIA,75118,1,40.0,200000,5000,135,48.884598,2.348553
2023-1324140,2023-02-17,2023,120 BD DE LA CHAPELLE,BD DE LA CHAPELLE,75118,2,32.0,214000,6688,179,48.884286,2.350401
2023-1324722,2023-02-23,2023,10 AV TRUDAINE,AV TRUDAINE,75109,3,65.0,670000,10308,273,48.88192,2.345372
2023-1325779,2023-02-23,2023,10 PL D ANVERS,PL D ANVERS,75109,2,31.0,333850,10769,275,48.882453,2.344879
2023-1325388,2023-03-06,2023,10 BD BARBES,BD BARBES,75118,5,140.0,1070000,7643,161,48.884326,2.35004
2023-1325580,2023-03-07,2023,191 RUE DU FG POISSONNIERE,RUE DU FG POISSONNIERE,75109,1,10.0,77000,7700,60,48.883109,2.349064
2023-1324874,2023-03-08,2023,50 RUE DE LA GOUTTE D OR,RUE DE LA GOUTTE D OR,75118,3,32.0,215000,6719,278,48.885472,2.350465
2023-1325594,2023-03-10,2023,10 PL D ANVERS,PL D ANVERS,75109,2,22.0,255290,11604,275,48.882453,2.344879
2023-1325474,2023-03-10,2023,10 BD BARBES,BD BARBES,75118,4,90.0,729250,8103,161,48.884326,2.35004
2023-1326688,2023-03-16,2023,167 RUE DU FG POISSONNIERE,RUE DU FG POISSONNIERE,75109,1,17.0,144000,8471,240,48.881375,2.349546
2023-1325526,2023-03-16,2023,15 RUE DE SOFIA,RUE DE SOFIA,75118,1,30.0,259450,8648,110,48.884306,2.347791
2023-1326586,2023-03-17,2023,6 RUE SEVESTE,RUE SEVESTE,75118,3,63.0,685000,10873,232,48.883626,2.345206
2023-1326261,2023-03-20,2023,55 RUE DE DUNKERQUE,RUE DE DUNKERQUE,75109,1,10.0,101000,10100,264,48.881079,2.349205
2023-1327169,2023-03-22,2023,9 BD BARBES,BD BARBES,75118,4,50.0,520000,10400,185,48.884958,2.349209
2023-1327438,2023-03-27,2023,42 RUE DE LA CHARBONNIERE,RUE DE LA CHARBONNIERE,75118,3,76.0,432000,5684,258,48.884203,2.351668
2023-1326321,2023-03-28,2023,54 RUE DE DUNKERQUE,RUE DE DUNKERQUE,75109,3,50.0,483000,9660,167,48.881911,2.347982
2023-1326248,2023-03-31,2023,6 RUE DES ISLETTES,RUE DES ISLETTES,75118,4,58.0,480600,8286,227,48.884381,2.351074
2023-1327594,2023-04-03,2023,52 BD ROCHECHOUART,BD ROCHECHOUART,75118,4,97.0,1113750,11482,192,48.883531,2.345736
2023-1328739,2023-04-07,2023,5 RUE GERANDO,RUE GERANDO,75109,3,56.0,560000,10000,264,48.882242,2.345193
2023-1327871,2023-04-13,2023,3 RUE ANDRE DEL SARTE,RUE ANDRE DEL SARTE,75118,2,40.0,384000,9600,269,48.885594,2.346837
2023-1327854,2023-04-20,2023,27 BD DE ROCHECHOUART,BD DE ROCHECHOUART,75109,2,48.0,699000,14562,189,48.882899,2.345892
2023-1327972,2023-04-27,2023,7 AV TRUDAINE,AV TRUDAINE,75109,1,15.0,175000,11667,279,48.881515,2.345819
2023-1328038,2023-05-02,2023,14 RUE GERANDO,RUE GERANDO,75109,2,25.0,225000,9000,175,48.882584,2.346299
2023-1328175,2023-05-05,2023,6 RUE DU DELTA,RUE DU DELTA,75109,1,30.0,313000,10433,91,48.882692,2.349015
2023-1328745,2023-05-05,2023,66 RUE DE ROCHECHOUART,RUE DE ROCHECHOUART,75109,1,25.0,300000,12000,260,48.881252,2.346927
2023-1329363,2023-05-05,2023,10 RUE GERANDO,RUE GERANDO,75109,1,14.0,80000,5714,195,48.882456,2.346111
2023-1328355,2023-05-11,2023,82 RUE DE ROCHECHOUART,RUE DE ROCHECHOUART,75109,2,44.0,510970,11613,156,48.882308,2.347001
2023-1329059,2023-05-11,2023,11 BD DE ROCHECHOUART,BD DE ROCHECHOUART,75109,2,32.0,360000,11250,31,48.883234,2.348008
2023-1329323,2023-05-11,2023,58 BD ROCHECHOUART,BD ROCHECHOUART,75118,1,14.0,149155,10654,252,48.883361,2.344915
2023-1328559,2023-05-12,2023,71 RUE DE DUNKERQUE,RUE DE DUNKERQUE,75109,2,36.0,405000,11250,216,48.881589,2.347274
2023-1330001,2023-05-15,2023,2 RUE BRIQUET,RUE BRIQUET,75118,2,29.0,288700,9955,299,48.883502,2.344279
2023-1328792,2023-05-16,2023,10 RUE PIERRE PICARD,RUE PIERRE PICARD,75118,1,14.0,156000,11143,240,48.884938,2.346068
2023-1329041,2023-05-22,2023,10 RUE GERANDO,RUE GERANDO,75109,1,14.0,149330,10666,195,48.882456,2.346111
2023-1329724,2023-05-22,2023,20 RUE DU DELTA,RUE DU DELTA,75109,2,39.0,368000,9436,107,48.882561,2.347608
2023-1330075,2023-05-22,2023,42 BD ROCHECHOUART,BD ROCHECHOUART,75118,2,39.0,377500,9679,155,48.883636,2.346275
2023-1329810,2023-05-23,2023,83 RUE DE ROCHECHOUART,RUE DE ROCHECHOUART,75109,2,30.0,288000,9600,178,48.88243,2.346408
2023-1329826,2023-05-30,2023,13 BD DE ROCHECHOUART,BD DE ROCHECHOUART,75109,3,59.0,638000,10814,44,48.883113,2.347936
2023-1329512,2023-05-30,2023,6 IMP DU CADRAN,IMP DU CADRAN,75118,1,18.0,165000,9167,191,48.883713,2.345794
2023-1329742,2023-05-31,2023,10 PL D ANVERS,PL D ANVERS,75109,2,32.0,465000,14531,275,48.882453,2.344879
2023-1330301,2023-05-31,2023,177 RUE DU FG POISSONNIERE,RUE DU FG POISSONNIERE,75109,6,160.0,1420000,8875,165,48.882037,2.349268
2023-1329586,2023-06-01,2023,9 BD DE ROCHECHOUART,BD DE ROCHECHOUART,75109,4,78.0,830000,10641,16,48.883248,2.348404
2023-1331001,2023-06-09,2023,2 RUE BRIQUET,RUE BRIQUET,75118,2,23.0,275000,11957,299,48.883502,2.344279
2023-1331354,2023-06-12,2023,10 RUE GERANDO,RUE GERANDO,75109,1,14.0,186000,13286,195,48.882456,2.346111
2023-1330478,2023-06-15,2023,12 RUE D ORSEL,RUE D ORSEL,75118,3,94.0,948000,10085,251,48.884166,2.345136
2023-1330792,2023-06-16,2023,42 RUE DE DUNKERQUE,RUE DE DUNKERQUE,75109,3,56.0,745303,13309,227,48.881457,2.34937
2023-1331830,2023-06-21,2023,20 RUE DE CLIGNANCOURT,RUE DE CLIGNANCOURT,75118,2,49.0,364200,7433,214,48.885276,2.34776
2023-1330864,2023-06-23,2023,19 RUE DU DELTA,RUE DU DELTA,75109,1,17.0,170000,10000,146,48.882293,2.347257
2023-1331276,2023-06-29,2023,60 BD ROCHECHOUART,BD ROCHECHOUART,75118,2,26.0,319000,12269,259,48.883353,2.344824
2023-1331821,2023-06-30,2023,11 BD DE ROCHECHOUART,BD DE ROCHECHOUART,75109,2,36.0,340000,9444,31,48.883234,2.348008
2023-1332369,2023-06-30,2023,27 RUE DE CLIGNANCOURT,RUE DE CLIGNANCOURT,75118,3,58.0,458000,7897,262,48.88553,2.346845
2023-1332504,2023-07-06,2023,52 BD ROCHECHOUART,BD ROCHECHOUART,75118,2,32.0,370000,11562,192,48.883531,2.345736
2023-1332588,2023-07-10,2023,183 RUE DU FG POISSONNIERE,RUE DU FG POISSONNIERE,75109,5,89.0,1100000,12360,123,48.882554,2.349457
2023-1333576,2023-07-10,2023,54 RUE DE DUNKERQUE,RUE DE DUNKERQUE,75109,3,49.0,420000,8571,167,48.881911,2.347982
2023-1332583,2023-07-10,2023,50 RUE DE LA GOUTTE D OR,RUE DE LA GOUTTE D OR,75118,3,54.0,365000,6759,278,48.885472,2.350465
2023-1331798,2023-07-12,2023,82 RUE DE ROCHECHOUART,RUE DE ROCHECHOUART,75109,1,24.0,310050,12919,156,48.882308,2.347001
2023-1332628,2023-07-17,2023,120 BD DE LA CHAPELLE,BD DE LA CHAPELLE,75118,4,85.0,735250,8650,179,48.884286,2.350401
2023-1333028,2023-07-18,2023,11 RUE DU DELTA,RUE DU DELTA,75109,4,78.0,855850,10972,138,48.882166,2.348034
2023-1333509,2023-07-18,2023,6 RUE SEVESTE,RUE SEVESTE,75118,2,30.0,276000,9200,232,48.883626,2.345206
2023-1333136,2023-07-20,2023,6 RUE DE CLIGNANCOURT,RUE DE CLIGNANCOURT,75118,3,65.0,690000,10615,110,48.884306,2.347791
2023-1333249,2023-07-20,2023,2 RUE DES POISSONNIERS,RUE DES POISSONNIERS,75118,3,43.0,520000,12093,279,48.88559,2.350185
2023-1333295,2023-07-21,2023,56 RUE DE DUNKERQUE,RUE DE DUNKERQUE,75109,3,54.0,600000,11111,166,48.881947,2.347787
2023-1333441,2023-07-21,2023,15 RUE DE SOFIA,RUE DE SOFIA,75118,2,56.0,525000,9375,110,48.884306,2.347791
2023-1332921,2023-07-24,2023,54 RUE DE DUNKERQUE,RUE DE DUNKERQUE,75109,3,54.0,430000,7963,167,48.881911,2.347982
2023-1333113,2023-07-25,2023,18 RUE GERANDO,RUE GERANDO,75109,2,55.0,690000,12545,153,48.882767,2.346491
2023-1333258,2023-07-25,2023,4 PL D ANVERS,PL D ANVERS,75109,3,48.0,472560,9845,280,48.882152,2.345032
2023-1333598,2023-07-27,2023,57 RUE DE DUNKERQUE,RUE DE DUNKERQUE,75109,3,41.0,472000,11512,257,48.881117,2.348974
2023-1333989,2023-07-27,2023,79 RUE DE ROCHECHOUART,RUE DE ROCHECHOUART,75109,3,52.0,600000,11538,193,48.882225,2.346412
2023-1333266,2023-07-28,2023,71 RUE DE DUNKERQUE,RUE DE DUNKERQUE,75109,1,25.0,299000,11960,216,48.881589,2.347274
2023-1334198,2023-07-28,2023,10 RUE GERANDO,RUE GERANDO,75109,1,14.0,115000,8214,195,48.882456,2.346111
2023-1334163,2023-07-31,2023,10 BD BARBES,BD BARBES,75118,1,12.0,51760,4313,161,48.884326,2.35004
2023-1334316,2023-08-11,2023,28 RUE PETRELLE,RUE PETRELLE,75109,2,33.0,463600,14048,288,48.880974,2.346963
2023-1334675,2023-08-25,2023,10 RUE PIERRE PICARD,RUE PIERRE PICARD,75118,1,17.0,156000,9176,240,48.884938,2.346068
2023-1334526,2023-08-28,2023,10 RUE GERANDO,RUE GERANDO,75109,1,14.0,160000,11429,195,48.882456,2.346111
2023-1334848,2023-08-28,2023,10 BD BARBES,BD BARBES,75118,3,79.0,720000,9114,161,48.884326,2.35004
2023-1334441,2023-08-30,2023,10 BD BARBES,BD BARBES,75118,1,9.0,65000,7222,161,48.884326,2.35004
2023-1334478,2023-08-31,2023,71 RUE DE DUNKERQUE,RUE DE DUNKERQUE,75109,1,13.0,198000,15231,216,48.881589,2.347274
2023-1334617,2023-08-31,2023,13 BD DE ROCHECHOUART,BD DE ROCHECHOUART,75109,1,15.0,150000,10000,44,48.883113,2.347936
2023-1335714,2023-09-07,2023,78 RUE DE ROCHECHOUART,RUE DE ROCHECHOUART,75109,2,34.0,400000,11765,175,48.882142,2.346914
2023-1334977,2023-09-12,2023,8 RUE DU DELTA,RUE DU DELTA,75109,3,62.0,872170,14067,75,48.882719,2.348439
2023-1335553,2023-09-12,2023,91 RUE DE DUNKERQUE,RUE DE DUNKERQUE,75109,3,56.0,635000,11339,264,48.882397,2.345079
2023-1336093,2023-09-21,2023,10 RUE GERANDO,RUE GERANDO,75109,1,14.0,175000,12500,195,48.882456,2.346111
2023-1336395,2023-09-21,2023,20 RUE DU DELTA,RUE DU DELTA,75109,1,20.0,245000,12250,107,48.882561,2.347608
2023-1335691,2023-09-21,2023,42 RUE DE LA GOUTTE D OR,RUE DE LA GOUTTE D OR,75118,3,72.0,557000,7736,294,48.885227,2.351259
2023-1335582,2023-09-22,2023,1 RUE ANDRE DEL SARTE,RUE ANDRE DEL SARTE,75118,2,40.0,456500,11412,263,48.885622,2.34716
2023-1336621,2023-09-22,2023,102 BD DE LA CHAPELLE,BD DE LA CHAPELLE,75118,2,36.0,292620,8128,251,48.884307,2.351498
2023-1336030,2023-09-25,2023,6 RUE DE CLIGNANCOURT,RUE DE CLIGNANCOURT,75118,4,102.0,1448000,14196,110,48.884306,2.347791
2023-1336441,2023-09-27,2023,19 BD BARBES,BD BARBES,75118,1,12.0,118700,9892,278,48.885823,2.349258
2023-1336791,2023-09-28,2023,155 BD DE MAGENTA,BD DE MAGENTA,75109,4,80.0,690000,8625,55,48.883314,2.349106
2023-1337203,2023-09-28,2023,6 RUE DU DELTA,RUE DU DELTA,75109,1,28.0,325700,11632,91,48.882692,2.349015
2023-1335905,2023-09-28,2023,8 RUE BELHOMME,RUE BELHOMME,75118,2,37.0,311000,8405,98,48.884228,2.348763
2023-1335912,2023-09-29,2023,169 RUE DU FG POISSONNIERE,RUE DU FG POISSONNIERE,75109,2,30.0,421500,14050,227,48.881494,2.349523
2023-1336746,2023-10-11,2023,20 BD BARBES,BD BARBES,75118,5,100.0,940000,9400,213,48.885002,2.349928
2023-1338086,2023-10-16,2023,15 RUE GERANDO,RUE GERANDO,75109,2,27.0,352448,13054,186,48.882789,2.345992
2023-1336842,2023-10-16,2023,10 RUE PIERRE PICARD,RUE PIERRE PICARD,75118,1,27.0,208000,7704,240,48.884938,2.346068
2023-1337225,2023-10-19,2023,44 RUE DE DUNKERQUE,RUE DE DUNKERQUE,75109,5,147.0,1487550,10119,220,48.881486,2.349189
2023-1337875,2023-10-19,2023,13 RUE DU DELTA,RUE DU DELTA,75109,4,88.0,1092600,12416,137,48.882214,2.347817
2023-1337513,2023-10-27,2023,33 RUE DE CLIGNANCOURT,RUE DE CLIGNANCOURT,75118,3,45.0,380000,8444,294,48.885883,2.346998
2023-1337994,2023-10-27,2023,4 RUE PIERRE PICARD,RUE PIERRE PICARD,75118,2,63.0,1154500,18325,212,48.884878,2.346544
2023-1337726,2023-10-30,2023,6 RUE DU DELTA,RUE DU DELTA,75109,1,29.0,265000,9138,91,48.882692,2.349015
2023-1338026,2023-11-09,2023,52 RUE DE DUNKERQUE,RUE DE DUNKERQUE,75109,4,85.0,1032240,12144,176,48.881805,2.348358
2023-1338365,2023-11-09,2023,12 BD BARBES,BD BARBES,75118,3,62.0,536500,8653,187,48.884567,2.350197
2023-1338536,2023-11-10,2023,14 RUE DU DELTA,RUE DU DELTA,75109,2,40.0,396000,9900,91,48.882591,2.348096
2023-1338646,2023-11-20,2023,2 RUE D ORSEL,RUE D ORSEL,75118,2,37.0,352750,9534,161,48.8842,2.346534
2023-1339267,2023-11-21,2023,193 RUE DU FG POISSONNIERE,RUE DU FG POISSONNIERE,75109,2,40.0,305000,7625,59,48.883225,2.349125
2023-1338946,2023-11-24,2023,66 RUE DE ROCHECHOUART,RUE DE ROCHECHOUART,75109,1,25.0,270000,10800,260,48.881252,2.346927
2023-1339109,2023-11-27,2023,60 BD ROCHECHOUART,BD ROCHECHOUART,75118,1,9.0,87000,9667,259,48.883353,2.344824
2023-1339449,2023-11-29,2023,193 RUE DU FG POISSONNIERE,RUE DU FG POISSONNIERE,75109,2,48.0,290000,6042,59,48.883225,2.349125
2023-1339068,2023-11-29,2023,48 BD ROCHECHOUART,BD ROCHECHOUART,75118,2,41.0,453300,11056,176,48.883591,2.345972
2023-1340007,2023-12-08,2023,193 RUE DU FG POISSONNIERE,RUE DU FG POISSONNIERE,75109,1,14.0,128000,9143,59,48.883225,2.349125
2023-1339596,2023-12-08,2023,5 RUE CHRISTIANI,RUE CHRISTIANI,75118,3,69.0,720750,10446,196,48.885128,2.34881
2023-1339776,2023-12-11,2023,10 BD BARBES,BD BARBES,75118,1,10.0,50000,5000,161,48.884326,2.35004
2023-1339577,2023-12-14,2023,81 RUE DE ROCHECHOUART,RUE DE ROCHECHOUART,75109,2,40.0,449350,11234,186,48.882329,2.346401
2023-1340026,2023-12-15,2023,2 RUE LIVINGSTONE,RUE LIVINGSTONE,75118,4,95.0,1030000,10842,215,48.88435,2.345814
2023-1340337,2023-12-21,2023,17 RUE DU DELTA,RUE DU DELTA,75109,3,43.0,432000,10047,145,48.882238,2.347434
2023-1340221,2023-12-22,2023,10 RUE DU DELTA,RUE DU DELTA,75109,4,84.0,1115000,13274,75,48.882719,2.348439
2023-1340944,2023-12-22,2023,71 RUE DE DUNKERQUE,RUE DE DUNKERQUE,75109,1,21.0,215000,10238,216,48.881589,2.347274
2023-1340928,2023-12-29,2023,34 RUE PETRELLE,RUE PETRELLE,75109,3,100.0,870000,8700,292,48.880996,2.34673
2024-1193533,2024-01-03,2024,13 RUE DE SOFIA,RUE DE SOFIA,75118,3,40.0,410570,10264,123,48.88449,2.348168
2024-1193414,2024-01-09,2024,6 RUE DU DELTA,RUE DU DELTA,75109,1,27.0,252000,9333,91,48.882692,2.349015
2024-1193431,2024-01-10,2024,10 PL D ANVERS,PL D ANVERS,75109,2,26.0,365000,14038,275,48.882453,2.344879
2024-1193925,2024-01-11,2024,15 RUE DE SOFIA,RUE DE SOFIA,75118,1,34.0,325000,9559,110,48.884306,2.347791
2024-1193343,2024-01-12,2024,2 RUE ANDRE DEL SARTE,RUE ANDRE DEL SARTE,75118,1,17.0,158600,9329,284,48.885824,2.347161
2024-1193409,2024-01-12,2024,15 RUE D ORSEL,RUE D ORSEL,75118,2,40.0,316000,7900,212,48.883933,2.345578
2024-1193503,2024-01-16,2024,83 RUE DE DUNKERQUE,RUE DE DUNKERQUE,75109,1,13.0,110000,8462,232,48.88211,2.345862
2024-1193691,2024-01-16,2024,28 RUE PETRELLE,RUE PETRELLE,75109,2,28.0,270000,9643,288,48.880974,2.346963
2024-1193606,2024-01-17,2024,87 RUE DE ROCHECHOUART,RUE DE ROCHECHOUART,75109,1,9.0,97000,10778,165,48.882579,2.346475
2024-1194254,2024-01-22,2024,25 BD DE ROCHECHOUART,BD DE ROCHECHOUART,75109,4,85.0,643000,7565,176,48.882939,2.346053
2024-1194880,2024-01-25,2024,11 RUE DU DELTA,RUE DU DELTA,75109,2,47.0,433700,9228,138,48.882166,2.348034
2024-1194817,2024-01-30,2024,4 PL D ANVERS,PL D ANVERS,75109,2,25.0,550000,22000,280,48.882152,2.345032
2024-1194522,2024-01-31,2024,7 BD DE ROCHECHOUART,BD DE ROCHECHOUART,75109,3,57.0,573400,10060,19,48.883255,2.348514
2024-1194815,2024-01-31,2024,89 RUE DE DUNKERQUE,RUE DE DUNKERQUE,75109,2,58.0,588000,10138,261,48.882326,2.345176
2024-1194267,2024-02-01,2024,18 BD BARBES,BD BARBES,75118,2,36.0,261000,7250,209,48.884894,2.35007
2024-1194639,2024-02-06,2024,48 RUE DE DUNKERQUE,RUE DE DUNKERQUE,75109,6,131.0,1415000,10802,193,48.881659,2.348594
2024-1194741,2024-02-06,2024,63 RUE DE DUNKERQUE,RUE DE DUNKERQUE,75109,1,12.0,117800,9817,243,48.881208,2.348468
2024-1194516,2024-02-08,2024,7 RUE CHRISTIANI,RUE CHRISTIANI,75118,1,44.0,414000,9409,196,48.885128,2.34881
2024-1195701,2024-02-12,2024,167 RUE DU FG POISSONNIERE,RUE DU FG POISSONNIERE,75109,3,54.0,490350,9081,240,48.881375,2.349546
2024-1194953,2024-02-13,2024,3 RUE BOISSIEU,RUE BOISSIEU,75118,3,42.0,320000,7619,101,48.884225,2.348915
2024-1195110,2024-02-15,2024,28 BD ROCHECHOUART,BD ROCHECHOUART,75118,3,65.0,660000,10154,68,48.883854,2.347762
2024-1195868,2024-02-23,2024,193 RUE DU FG POISSONNIERE,RUE DU FG POISSONNIERE,75109,2,39.0,331094,8490,59,48.883225,2.349125
2024-1196433,2024-02-27,2024,3 BD DE ROCHECHOUART,BD DE ROCHECHOUART,75109,1,15.0,131000,8733,54,48.883415,2.3491
2024-1195619,2024-03-01,2024,34 RUE PETRELLE,RUE PETRELLE,75109,5,117.0,1230000,10513,292,48.880996,2.34673
2024-1196678,2024-03-01,2024,20 RUE DU DELTA,RUE DU DELTA,75109,1,20.0,180000,9000,107,48.882561,2.347608
2024-1195923,2024-03-04,2024,1 RUE DU DELTA,RUE DU DELTA,75109,1,55.0,660000,12000,149,48.882289,2.34951
2024-1196093,2024-03-06,2024,4 RUE DU DELTA,RUE DU DELTA,75109,4,79.0,692000,8759,107,48.882592,2.349164
2024-1195764,2024-03-07,2024,189 RUE DU FG POISSONNIERE,RUE DU FG POISSONNIERE,75109,2,47.0,337500,7181,39,48.883058,2.348545
2024-1196035,2024-03-08,2024,5 RUE DE SOFIA,RUE DE SOFIA,75118,1,15.0,96000,6400,128,48.884466,2.348984
2024-1196094,2024-03-08,2024,7 RUE CHRISTIANI,RUE CHRISTIANI,75118,1,26.0,232450,8940,196,48.885128,2.34881
2024-1196189,2024-03-12,2024,76 RUE DE DUNKERQUE,RUE DE DUNKERQUE,75109,2,19.0,180000,9474,225,48.882528,2.345573
2024-1196308,2024-03-14,2024,52 RUE DE DUNKERQUE,RUE DE DUNKERQUE,75109,3,87.0,911200,10474,176,48.881805,2.348358
2024-1197300,2024-03-15,2024,3 BD DE ROCHECHOUART,BD DE ROCHECHOUART,75109,1,15.0,142000,9467,54,48.883415,2.3491
2024-1197629,2024-03-25,2024,2 RUE DES POISSONNIERS,RUE DES POISSONNIERS,75118,5,55.0,500000,9091,279,48.88559,2.350185
2024-1196870,2024-03-26,2024,7 RUE LIVINGSTONE,RUE LIVINGSTONE,75118,2,40.0,532588,13315,266,48.884196,2.344928
2024-1197004,2024-03-28,2024,4 RUE D ORSEL,RUE D ORSEL,75118,2,26.0,260000,10000,161,48.8842,2.346534
2024-1196933,2024-04-02,2024,6 RUE SEVESTE,RUE SEVESTE,75118,2,30.0,320000,10667,232,48.883626,2.345206
2024-1197628,2024-04-05,2024,12 RUE DU DELTA,RUE DU DELTA,75109,2,30.0,245000,8167,79,48.88269,2.348222
2024-1197114,2024-04-05,2024,110 BD DE LA CHAPELLE,BD DE LA CHAPELLE,75118,2,43.0,304200,7074,218,48.88422,2.351059
2024-1198197,2024-04-10,2024,87 RUE DE ROCHECHOUART,RUE DE ROCHECHOUART,75109,2,24.0,257050,10710,165,48.882579,2.346475
2024-1197588,2024-04-11,2024,10 RUE PIERRE PICARD,RUE PIERRE PICARD,75118,1,20.0,225000,11250,240,48.884938,2.346068
2024-1197847,2024-04-12,2024,54 RUE DE DUNKERQUE,RUE DE DUNKERQUE,75109,3,53.0,548000,10340,167,48.881911,2.347982
2024-1197606,2024-04-19,2024,21 BD BARBES,BD BARBES,75118,2,30.0,284500,9483,295,48.885995,2.349136
2024-1197952,2024-04-19,2024,13 RUE DE SOFIA,RUE DE SOFIA,75118,1,36.0,189000,5250,123,48.88449,2.348168
2024-1198162,2024-04-22,2024,14 RUE GERANDO,RUE GERANDO,75109,3,36.0,383000,10639,175,48.882584,2.346299
2024-1197905,2024-04-22,2024,60 BD ROCHECHOUART,BD ROCHECHOUART,75118,2,28.0,256000,9143,259,48.883353,2.344824
2024-1198487,2024-04-23,2024,13 BD DE ROCHECHOUART,BD DE ROCHECHOUART,75109,3,60.0,473950,7899,44,48.883113,2.347936
2024-1198561,2024-04-23,2024,5 RUE CAPLAT,RUE CAPLAT,75118,2,23.0,177000,7696,300,48.884601,2.35203
2024-1198095,2024-04-25,2024,175 RUE DU FG POISSONNIERE,RUE DU FG POISSONNIERE,75109,6,190.0,2394300,12602,192,48.881697,2.348896
2024-1199047,2024-04-26,2024,17 RUE DU DELTA,RUE DU DELTA,75109,3,63.0,760000,12063,145,48.882238,2.347434
2024-1198826,2024-04-30,2024,9 BD DE ROCHECHOUART,BD DE ROCHECHOUART,75109,5,87.0,690000,7931,22,48.883224,2.348194
2024-1199006,2024-05-14,2024,171 RUE DU FG POISSONNIERE,RUE DU FG POISSONNIERE,75109,2,35.0,410000,11714,211,48.881608,2.34936
2024-1199013,2024-05-21,2024,10 RUE SEVESTE,RUE SEVESTE,75118,2,20.0,270000,13500,261,48.883857,2.344858
2024-1199046,2024-05-21,2024,10 RUE SEVESTE,RUE SEVESTE,75118,2,41.0,425000,10366,261,48.883857,2.344858
2024-1199811,2024-05-23,2024,25 BD DE ROCHECHOUART,BD DE ROCHECHOUART,75109,1,16.0,197000,12312,176,48.882939,2.346053
2024-1200332,2024-05-24,2024,2 RUE LIVINGSTONE,RUE LIVINGSTONE,75118,4,100.0,921500,9215,215,48.88435,2.345814
2024-1200196,2024-05-29,2024,71 RUE DE DUNKERQUE,RUE DE DUNKERQUE,75109,2,60.0,568000,9467,216,48.881589,2.347274
2024-1200512,2024-05-29,2024,78 RUE DE ROCHECHOUART,RUE DE ROCHECHOUART,75109,1,12.0,133000,11083,175,48.882142,2.346914
2024-1200413,2024-06-03,2024,26 BD ROCHECHOUART,BD ROCHECHOUART,75118,1,14.0,100000,7143,56,48.883818,2.347942
2024-1201290,2024-06-06,2024,6 SQ PETRELLE,SQ PETRELLE,75109,4,80.0,920000,11500,280,48.880942,2.349252
2024-1200395,2024-06-06,2024,4 RUE D ORSEL,RUE D ORSEL,75118,3,45.0,330000,7333,161,48.8842,2.346534
2024-1200417,2024-06-06,2024,2 RUE ANDRE DEL SARTE,RUE ANDRE DEL SARTE,75118,1,12.0,75000,6250,284,48.885824,2.347161
2024-1200290,2024-06-10,2024,72 RUE DE DUNKERQUE,RUE DE DUNKERQUE,75109,3,55.0,515000,9364,197,48.882366,2.346166
2024-1200458,2024-06-12,2024,10 BD BARBES,BD BARBES,75118,3,78.0,546000,7000,161,48.884326,2.35004
2024-1200309,2024-06-17,2024,54 RUE DE DUNKERQUE,RUE DE DUNKERQUE,75109,3,54.0,607610,11252,167,48.881911,2.347982
2024-1201203,2024-06-17,2024,92 RUE DE ROCHECHOUART,RUE DE ROCHECHOUART,75109,1,25.0,240000,9600,74,48.882927,2.347633
2024-1201091,2024-06-19,2024,5 RUE CAPLAT,RUE CAPLAT,75118,2,26.0,174100,6696,300,48.884601,2.35203
2024-1201628,2024-06-21,2024,91 RUE DE DUNKERQUE,RUE DE DUNKERQUE,75109,3,53.0,503500,9500,264,48.882397,2.345079
2024-1201436,2024-06-21,2024,48 RUE DE LA GOUTTE D OR,RUE DE LA GOUTTE D OR,75118,2,62.0,479440,7733,291,48.885487,2.350733
2024-1201294,2024-06-24,2024,9 BD DE ROCHECHOUART,BD DE ROCHECHOUART,75109,2,35.0,300000,8571,22,48.883224,2.348194
2024-1201281,2024-06-26,2024,191 RUE DU FG POISSONNIERE,RUE DU FG POISSONNIERE,75109,1,34.0,335000,9853,60,48.883109,2.349064
2024-1201429,2024-06-26,2024,75 RUE DE ROCHECHOUART,RUE DE ROCHECHOUART,75109,1,18.0,240000,13333,263,48.881548,2.346116
2024-1201764,2024-06-27,2024,66 RUE DE ROCHECHOUART,RUE DE ROCHECHOUART,75109,1,23.0,195000,8478,260,48.881252,2.346927
2024-1202854,2024-07-01,2024,14 RUE DU DELTA,RUE DU DELTA,75109,1,28.0,250000,8929,91,48.882591,2.348096
2024-1202977,2024-07-02,2024,6 RUE DE CLIGNANCOURT,RUE DE CLIGNANCOURT,75118,1,24.0,197725,8239,110,48.884306,2.347791
2024-1202350,2024-07-05,2024,155 BD DE MAGENTA,BD DE MAGENTA,75109,4,80.0,660000,8250,55,48.883314,2.349106
2024-1202057,2024-07-10,2024,10 PL D ANVERS,PL D ANVERS,75109,2,37.0,354180,9572,275,48.882453,2.344879
2024-1202514,2024-07-15,2024,10 RUE PIERRE PICARD,RUE PIERRE PICARD,75118,1,16.0,153000,9562,240,48.884938,2.346068
2024-1203501,2024-07-16,2024,54 RUE DE DUNKERQUE,RUE DE DUNKERQUE,75109,3,65.0,650000,10000,167,48.881911,2.347982
2024-1202476,2024-07-16,2024,2 RUE BRIQUET,RUE BRIQUET,75118,1,27.0,326300,12085,299,48.883502,2.344279
2024-1202448,2024-07-17,2024,5 BD BARBES,BD BARBES,75118,4,50.0,481600,9632,129,48.884414,2.349191
2024-1202851,2024-07-19,2024,11 RUE DU DELTA,RUE DU DELTA,75109,2,30.0,264500,8817,138,48.882166,2.348034
2024-1202750,2024-07-19,2024,7 RUE LIVINGSTONE,RUE LIVINGSTONE,75118,1,19.0,198000,10421,266,48.884196,2.344928
2024-1202541,2024-07-22,2024,9 RUE GERANDO,RUE GERANDO,75109,2,39.0,519905,13331,225,48.882528,2.345573
2024-1202709,2024-07-22,2024,15 RUE DE SOFIA,RUE DE SOFIA,75118,5,99.0,846000,8545,110,48.884306,2.347791
2024-1203544,2024-07-24,2024,48 RUE DE DUNKERQUE,RUE DE DUNKERQUE,75109,3,78.0,872000,11179,193,48.881659,2.348594
2024-1203032,2024-07-25,2024,63 RUE DE DUNKERQUE,RUE DE DUNKERQUE,75109,6,118.0,1583700,13421,243,48.881208,2.348468
2024-1203909,2024-07-30,2024,6 RUE DES ISLETTES,RUE DES ISLETTES,75118,3,58.0,349000,6017,227,48.884381,2.351074
2024-1203200,2024-07-31,2024,66 RUE DE ROCHECHOUART,RUE DE ROCHECHOUART,75109,1,25.0,273000,10920,260,48.881252,2.346927
2024-1203476,2024-07-31,2024,2 RUE BRIQUET,RUE BRIQUET,75118,1,24.0,245000,10208,299,48.883502,2.344279
2024-1204043,2024-07-31,2024,9 RUE DE SOFIA,RUE DE SOFIA,75118,2,20.0,82000,4100,135,48.884598,2.348553
2024-1204019,2024-08-02,2024,25 BD MARGUERITE DE ROCHECHOUART,BD MARGUERITE DE ROCHECHOUART,75109,3,47.0,601942,12807,176,48.882939,2.346053
2024-1203667,2024-08-07,2024,26 BD ROCHECHOUART,BD ROCHECHOUART,75118,0,10.0,70000,7000,56,48.883818,2.347942
2024-1203780,2024-08-13,2024,5 RUE SEVESTE,RUE SEVESTE,75118,2,34.0,320000,9412,275,48.883596,2.344614
2024-1203994,2024-08-14,2024,9 BD MARGUERITE DE ROCHECHOUART,BD MARGUERITE DE ROCHECHOUART,75109,4,85.0,692000,8141,16,48.883248,2.348404
2024-1204575,2024-08-20,2024,189 RUE DU FG POISSONNIERE,RUE DU FG POISSONNIERE,75109,2,32.0,231000,7219,39,48.883058,2.348545
2024-1205037,2024-09-03,2024,2 RUE ANDRE DEL SARTE,RUE ANDRE DEL SARTE,75118,1,28.0,127000,4536,284,48.885824,2.347161
2024-1204932,2024-09-05,2024,92 RUE MARGUERITE DE ROCHECHOUART,RUE MARGUERITE DE ROCHECHOUART,75109,1,20.0,200000,10000,74,48.882927,2.347633
2024-1205060,2024-09-13,2024,120 BD DE LA CHAPELLE,BD DE LA CHAPELLE,75118,3,38.0,370000,9737,179,48.884286,2.350401
2024-1204959,2024-09-16,2024,66 RUE MARGUERITE DE ROCHECHOUART,RUE MARGUERITE DE ROCHECHOUART,75109,1,30.0,242857,8095,260,48.881252,2.346927
2024-1205853,2024-09-16,2024,2 RUE ANDRE DEL SARTE,RUE ANDRE DEL SARTE,75118,1,17.0,90000,5294,284,48.885824,2.347161
2024-1204892,2024-09-19,2024,85 RUE MARGUERITE DE ROCHECHOUART,RUE MARGUERITE DE ROCHECHOUART,75109,2,41.0,428850,10460,173,48.882497,2.346425
2024-1205187,2024-09-19,2024,9 BD MARGUERITE DE ROCHECHOUART,BD MARGUERITE DE ROCHECHOUART,75109,3,44.0,387500,8807,16,48.883248,2.348404
2024-1205280,2024-09-23,2024,2 RUE BRIQUET,RUE BRIQUET,75118,2,36.0,352000,9778,299,48.883502,2.344279
2024-1205495,2024-09-26,2024,60 RUE DE DUNKERQUE,RUE DE DUNKERQUE,75109,2,65.0,559430,8607,162,48.882099,2.347346
2024-1205649,2024-09-26,2024,91 RUE DE DUNKERQUE,RUE DE DUNKERQUE,75109,4,65.0,636500,9792,264,48.882397,2.345079
2024-1205961,2024-10-01,2024,10 BD BARBES,BD BARBES,75118,5,139.0,1105000,7950,161,48.884326,2.35004
2024-1206273,2024-10-10,2024,10 RUE DU DELTA,RUE DU DELTA,75109,3,64.0,725000,11328,75,48.882719,2.348439
2024-1207005,2024-10-10,2024,4 PL D ANVERS,PL D ANVERS,75109,2,25.0,591350,23654,280,48.882152,2.345032
2024-1206179,2024-10-11,2024,6 RUE PETRELLE,RUE PETRELLE,75109,3,96.0,1232650,12840,298,48.880732,2.348869
2024-1207105,2024-10-15,2024,91 RUE DE DUNKERQUE,RUE DE DUNKERQUE,75109,4,60.0,690000,11500,264,48.882397,2.345079
2024-1206668,2024-10-15,2024,7 RUE LIVINGSTONE,RUE LIVINGSTONE,75118,2,41.0,549000,13390,266,48.884196,2.344928
2024-1206556,2024-10-16,2024,10 RUE PIERRE PICARD,RUE PIERRE PICARD,75118,1,25.0,178000,7120,240,48.884938,2.346068
2024-1206501,2024-10-18,2024,69 RUE DE DUNKERQUE,RUE DE DUNKERQUE,75109,5,77.0,500000,6494,227,48.881377,2.34782
2024-1207004,2024-10-21,2024,6 RUE DU DELTA,RUE DU DELTA,75109,1,24.0,245000,10208,91,48.882692,2.349015
2024-1206573,2024-10-22,2024,5 RUE CHRISTIANI,RUE CHRISTIANI,75118,1,24.0,218000,9083,196,48.885128,2.34881
2024-1207034,2024-10-24,2024,8 PL D ANVERS,PL D ANVERS,75109,3,58.0,617000,10638,274,48.882331,2.344972
2024-1208099,2024-10-29,2024,4 RUE DU DELTA,RUE DU DELTA,75109,4,59.0,650000,11017,107,48.882592,2.349164
2024-1207190,2024-10-29,2024,12 BD BARBES,BD BARBES,75118,1,16.0,153000,9562,187,48.884567,2.350197
2024-1208091,2024-10-31,2024,10 PL D ANVERS,PL D ANVERS,75109,2,31.0,315000,10161,275,48.882453,2.344879
2024-1208287,2024-11-14,2024,6 RUE DES ISLETTES,RUE DES ISLETTES,75118,2,42.0,255000,6071,227,48.884381,2.351074
2024-1208122,2024-11-18,2024,2 RUE BRIQUET,RUE BRIQUET,75118,1,18.0,265000,14722,299,48.883502,2.344279
2024-1208400,2024-11-22,2024,102 BD DE LA CHAPELLE,BD DE LA CHAPELLE,75118,3,48.0,375800,7829,251,48.884307,2.351498
2024-1208905,2024-11-22,2024,15 RUE DE SOFIA,RUE DE SOFIA,75118,1,30.0,210000,7000,110,48.884306,2.347791
2024-1208386,2024-11-28,2024,4 RUE DU DELTA,RUE DU DELTA,75109,2,50.0,400000,8000,107,48.882592,2.349164
2024-1209013,2024-11-28,2024,85 RUE MARGUERITE DE ROCHECHOUART,RUE MARGUERITE DE ROCHECHOUART,75109,1,17.0,138000,8118,173,48.882497,2.346425
2024-1208669,2024-12-03,2024,7 RUE CHRISTIANI,RUE CHRISTIANI,75118,2,48.0,492300,10256,196,48.885128,2.34881
2024-1209521,2024-12-10,2024,102 BD DE LA CHAPELLE,BD DE LA CHAPELLE,75118,2,36.0,230000,6389,251,48.884307,2.351498
2024-1209157,2024-12-12,2024,7 RUE LIVINGSTONE,RUE LIVINGSTONE,75118,1,47.0,350000,7447,266,48.884196,2.344928
2024-1209127,2024-12-13,2024,10 RUE GERANDO,RUE GERANDO,75109,1,13.0,168000,12923,195,48.882456,2.346111
2024-1209204,2024-12-13,2024,17 RUE GERANDO,RUE GERANDO,75109,3,51.0,602870,11821,174,48.882893,2.346098
2024-1209308,2024-12-13,2024,92 RUE MARGUERITE DE ROCHECHOUART,RUE MARGUERITE DE ROCHECHOUART,75109,1,23.0,238228,10358,74,48.882927,2.347633
2024-1210132,2024-12-17,2024,177 RUE DU FG POISSONNIERE,RUE DU FG POISSONNIERE,75109,5,130.0,1162000,8938,165,48.882037,2.349268
2024-1209639,2024-12-18,2024,6 RUE DE CLIGNANCOURT,RUE DE CLIGNANCOURT,75118,3,67.0,542620,8099,110,48.884306,2.347791
2024-1209409,2024-12-19,2024,189 RUE DU FG POISSONNIERE,RUE DU FG POISSONNIERE,75109,2,45.0,362610,8058,39,48.883058,2.348545
2024-1210316,2024-12-19,2024,79 RUE MARGUERITE DE ROCHECHOUART,RUE MARGUERITE DE ROCHECHOUART,75109,3,55.0,495192,9003,193,48.882225,2.346412
2024-1210372,2024-12-20,2024,66 RUE MARGUERITE DE ROCHECHOUART,RUE MARGUERITE DE ROCHECHOUART,75109,2,40.0,410000,10250,260,48.881252,2.346927
2024-1210036,2024-12-27,2024,6 SQ PETRELLE,SQ PETRELLE,75109,5,84.0,950000,11310,280,48.880942,2.349252
2024-1210220,2024-12-27,2024,72 RUE MARGUERITE DE ROCHECHOUART,RUE MARGUERITE DE ROCHECHOUART,75109,2,28.0,127000,4536,221,48.881676,2.346845
2024-1210413,2024-12-30,2024,4 RUE GERANDO,RUE GERANDO,75109,3,41.0,450000,10976,262,48.882003,2.345463
2024-1209958,2024-12-30,2024,7 RUE CHRISTIANI,RUE CHRISTIANI,75118,1,26.0,230000,8846,196,48.885128,2.34881
2025-1273423,2025-01-06,2025,93 RUE DE DUNKERQUE,RUE DE DUNKERQUE,75109,3,58.0,530000,9138,270,48.88248,2.344931
2025-1273681,2025-01-10,2025,55 RUE DE DUNKERQUE,RUE DE DUNKERQUE,75109,1,15.0,185000,12333,264,48.881079,2.349205
2025-1273704,2025-01-10,2025,61 RUE DE DUNKERQUE,RUE DE DUNKERQUE,75109,5,85.0,790000,9294,246,48.881184,2.348611
2025-1273777,2025-01-14,2025,23 BD MARGUERITE DE ROCHECHOUART,BD MARGUERITE DE ROCHECHOUART,75109,3,45.0,435380,9675,164,48.882996,2.346205
2025-1273406,2025-01-15,2025,5 BD BARBES,BD BARBES,75118,3,55.0,590000,10727,129,48.884414,2.349191
2025-1274394,2025-01-17,2025,16 RUE DU DELTA,RUE DU DELTA,75109,3,36.0,388815,10800,94,48.882583,2.347984
2025-1273580,2025-01-21,2025,60 RUE DE DUNKERQUE,RUE DE DUNKERQUE,75109,2,28.0,332000,11857,162,48.882099,2.347346
2025-1273709,2025-01-24,2025,9 RUE GERANDO,RUE GERANDO,75109,2,38.0,445000,11711,225,48.882528,2.345573
2025-1273830,2025-01-24,2025,34 RUE PETRELLE,RUE PETRELLE,75109,3,92.0,795000,8641,292,48.880996,2.34673
2025-1273929,2025-01-24,2025,71 RUE DE DUNKERQUE,RUE DE DUNKERQUE,75109,1,20.0,90003,4500,216,48.881589,2.347274
2025-1273915,2025-01-27,2025,8 RUE BELHOMME,RUE BELHOMME,75118,2,28.0,289250,10330,98,48.884228,2.348763
2025-1275390,2025-01-31,2025,60 BD MARGUERITE DE ROCHECHOUART,BD MARGUERITE DE ROCHECHOUART,75118,2,34.0,307250,9037,259,48.883353,2.344824
2025-1274583,2025-02-03,2025,19 BD BARBES,BD BARBES,75118,2,20.0,173000,8650,278,48.885823,2.349258
2025-1274261,2025-02-05,2025,92 RUE MARGUERITE DE ROCHECHOUART,RUE MARGUERITE DE ROCHECHOUART,75109,1,27.0,200000,7407,74,48.882927,2.347633
2025-1275206,2025-02-05,2025,167 RUE DU FG POISSONNIERE,RUE DU FG POISSONNIERE,75109,2,33.0,306000,9273,240,48.881375,2.349546
2025-1274606,2025-02-06,2025,55 RUE DE DUNKERQUE,RUE DE DUNKERQUE,75109,1,20.0,276400,13820,264,48.881079,2.349205
2025-1275520,2025-02-06,2025,19 BD MARGUERITE DE ROCHECHOUART,BD MARGUERITE DE ROCHECHOUART,75109,3,70.0,1029900,14713,101,48.883065,2.347064
2025-1275277,2025-02-07,2025,7 RUE CHRISTIANI,RUE CHRISTIANI,75118,1,26.0,256700,9873,196,48.885128,2.34881
2025-1274853,2025-02-11,2025,9 RUE DE SOFIA,RUE DE SOFIA,75118,1,26.0,230900,8881,135,48.884598,2.348553
2025-1274814,2025-02-12,2025,2 RUE LIVINGSTONE,RUE LIVINGSTONE,75118,1,23.0,270000,11739,215,48.88435,2.345814
2025-1275267,2025-02-12,2025,6 RUE SEVESTE,RUE SEVESTE,75118,2,21.0,210000,10000,232,48.883626,2.345206
2025-1275177,2025-02-13,2025,15 RUE ANDRE DEL SARTE,RUE ANDRE DEL SARTE,75118,2,23.0,205000,8913,299,48.885536,2.345892
2025-1275282,2025-02-14,2025,110 BD DE LA CHAPELLE,BD DE LA CHAPELLE,75118,3,54.0,450000,8333,218,48.88422,2.351059
2025-1275070,2025-02-17,2025,7 RUE DE CLIGNANCOURT,RUE DE CLIGNANCOURT,75118,5,90.0,1001850,11132,143,48.884265,2.346918
2025-1275326,2025-02-17,2025,5 RUE CAPLAT,RUE CAPLAT,75118,3,50.0,240384,4808,300,48.884601,2.35203
2025-1275162,2025-02-19,2025,72 RUE MARGUERITE DE ROCHECHOUART,RUE MARGUERITE DE ROCHECHOUART,75109,2,22.0,270000,12273,221,48.881676,2.346845
2025-1275716,2025-02-25,2025,2 RUE D ORSEL,RUE D ORSEL,75118,5,109.0,1041525,9555,161,48.8842,2.346534
2025-1276026,2025-02-26,2025,83 RUE MARGUERITE DE ROCHECHOUART,RUE MARGUERITE DE ROCHECHOUART,75109,1,15.0,105000,7000,178,48.88243,2.346408
2025-1276686,2025-02-26,2025,5 RUE SEVESTE,RUE SEVESTE,75118,3,39.0,300000,7692,275,48.883596,2.344614
2025-1276444,2025-02-27,2025,60 RUE DE DUNKERQUE,RUE DE DUNKERQUE,75109,3,31.0,285000,9194,162,48.882099,2.347346
2025-1276726,2025-02-28,2025,56 RUE DE DUNKERQUE,RUE DE DUNKERQUE,75109,2,40.0,310000,7750,166,48.881947,2.347787
2025-1275685,2025-03-04,2025,14 RUE DU DELTA,RUE DU DELTA,75109,3,39.0,400000,10256,91,48.882591,2.348096
2025-1276039,2025-03-04,2025,92 RUE MARGUERITE DE ROCHECHOUART,RUE MARGUERITE DE ROCHECHOUART,75109,2,30.0,325000,10833,74,48.882927,2.347633
2025-1276599,2025-03-06,2025,13 RUE GERANDO,RUE GERANDO,75109,4,60.0,911600,15193,198,48.882735,2.345837
2025-1276520,2025-03-06,2025,20 RUE DE CLIGNANCOURT,RUE DE CLIGNANCOURT,75118,3,44.0,320100,7275,214,48.885276,2.34776
2025-1277805,2025-03-07,2025,26 RUE PETRELLE,RUE PETRELLE,75109,2,18.0,242000,13444,277,48.881023,2.347184
2025-1276754,2025-03-10,2025,91 RUE DE DUNKERQUE,RUE DE DUNKERQUE,75109,4,65.0,685000,10538,264,48.882397,2.345079
2025-1276542,2025-03-11,2025,4 RUE D ORSEL,RUE D ORSEL,75118,3,31.0,255000,8226,161,48.8842,2.346534
2025-1276757,2025-03-12,2025,10 RUE PIERRE PICARD,RUE PIERRE PICARD,75118,1,16.0,125000,7812,240,48.884938,2.346068
2025-1276527,2025-03-13,2025,12 BD BARBES,BD BARBES,75118,4,96.0,680000,7083,187,48.884567,2.350197
2025-1276475,2025-03-14,2025,27 RUE DE CLIGNANCOURT,RUE DE CLIGNANCOURT,75118,1,31.0,289575,9341,262,48.88553,2.346845
2025-1276640,2025-03-18,2025,69 RUE DE DUNKERQUE,RUE DE DUNKERQUE,75109,5,82.0,928000,11317,227,48.881377,2.34782
2025-1277068,2025-03-20,2025,3 BD MARGUERITE DE ROCHECHOUART,BD MARGUERITE DE ROCHECHOUART,75109,3,51.0,520000,10196,54,48.883415,2.3491
2025-1277792,2025-03-21,2025,2 RUE BERVIC,RUE BERVIC,75118,4,67.0,647500,9664,105,48.884202,2.349088
2025-1276816,2025-03-25,2025,72 RUE DE DUNKERQUE,RUE DE DUNKERQUE,75109,3,55.0,490200,8913,197,48.882366,2.346166
2025-1277234,2025-03-26,2025,4 PL D ANVERS,PL D ANVERS,75109,2,45.0,347835,7730,280,48.882152,2.345032
2025-1276823,2025-03-26,2025,13 RUE DE SOFIA,RUE DE SOFIA,75118,2,21.0,227480,10832,123,48.88449,2.348168
2025-1277700,2025-03-27,2025,66 RUE MARGUERITE DE ROCHECHOUART,RUE MARGUERITE DE ROCHECHOUART,75109,1,24.0,247000,10292,260,48.881252,2.346927
2025-1277332,2025-03-31,2025,2 AV TRUDAINE,AV TRUDAINE,75109,3,67.0,855769,12773,225,48.882066,2.346026
2025-1278148,2025-04-01,2025,27 BD MARGUERITE DE ROCHECHOUART,BD MARGUERITE DE ROCHECHOUART,75109,2,40.0,435000,10875,189,48.882899,2.345892
2025-1278360,2025-04-01,2025,6 RUE SEVESTE,RUE SEVESTE,75118,2,30.0,329050,10968,232,48.883626,2.345206
2025-1278401,2025-04-10,2025,6 RUE SEVESTE,RUE SEVESTE,75118,2,30.0,298000,9933,232,48.883626,2.345206
2025-1278151,2025-04-11,2025,29 BD MARGUERITE DE ROCHECHOUART,BD MARGUERITE DE ROCHECHOUART,75109,3,45.0,408500,9078,202,48.882848,2.345727
2025-1278208,2025-04-15,2025,34 RUE PETRELLE,RUE PETRELLE,75109,3,50.0,611100,12222,292,48.880996,2.34673
2025-1278319,2025-04-15,2025,52 RUE DE DUNKERQUE,RUE DE DUNKERQUE,75109,1,19.0,200000,10526,176,48.881805,2.348358
2025-1279078,2025-04-15,2025,175 RUE DU FG POISSONNIERE,RUE DU FG POISSONNIERE,75109,3,76.0,905000,11908,192,48.881697,2.348896
2025-1279277,2025-04-16,2025,62 RUE DE DUNKERQUE,RUE DE DUNKERQUE,75109,1,18.0,163300,9072,174,48.882063,2.347101
2025-1278811,2025-04-22,2025,2 RUE BRIQUET,RUE BRIQUET,75118,2,27.0,239500,8870,299,48.883502,2.344279
2025-1279331,2025-04-25,2025,38 RUE DE DUNKERQUE,RUE DE DUNKERQUE,75109,1,22.0,295000,13409,252,48.881284,2.349615
2025-1280170,2025-04-29,2025,78 RUE MARGUERITE DE ROCHECHOUART,RUE MARGUERITE DE ROCHECHOUART,75109,1,9.0,92000,10222,175,48.882142,2.346914
2025-1279655,2025-04-30,2025,29 BD MARGUERITE DE ROCHECHOUART,BD MARGUERITE DE ROCHECHOUART,75109,1,14.0,180000,12857,202,48.882848,2.345727
2025-1280087,2025-05-09,2025,38 RUE DE DUNKERQUE,RUE DE DUNKERQUE,75109,1,29.0,225000,7759,252,48.881284,2.349615
2025-1279367,2025-05-12,2025,50 RUE DE LA GOUTTE D OR,RUE DE LA GOUTTE D OR,75118,1,16.0,150000,9375,278,48.885472,2.350465
2025-1279629,2025-05-15,2025,71 RUE DE DUNKERQUE,RUE DE DUNKERQUE,75109,2,60.0,580000,9667,216,48.881589,2.347274
2025-1280713,2025-05-16,2025,2 RUE BRIQUET,RUE BRIQUET,75118,2,25.0,265000,10600,299,48.883502,2.344279
2025-1280582,2025-05-21,2025,14 BD BARBES,BD BARBES,75118,3,78.0,540200,6926,195,48.884685,2.350155
2025-1283334,2025-05-23,2025,183 RUE DU FG POISSONNIERE,RUE DU FG POISSONNIERE,75109,2,42.0,390000,9286,95,48.882741,2.349211
2025-1280708,2025-05-27,2025,167 RUE DU FG POISSONNIERE,RUE DU FG POISSONNIERE,75109,1,25.0,245000,9800,240,48.881375,2.349546
2025-1280368,2025-05-28,2025,42 RUE DE DUNKERQUE,RUE DE DUNKERQUE,75109,3,47.0,330000,7021,227,48.881457,2.34937
2025-1280434,2025-06-02,2025,24 BD BARBES,BD BARBES,75118,3,76.0,715000,9408,256,48.885449,2.349917
2025-1280790,2025-06-02,2025,4 RUE D ORSEL,RUE D ORSEL,75118,2,25.0,227850,9114,161,48.8842,2.346534
2025-1281129,2025-06-04,2025,10 PL D ANVERS,PL D ANVERS,75109,2,32.0,576115,18004,275,48.882453,2.344879
2025-1281264,2025-06-04,2025,72 RUE MARGUERITE DE ROCHECHOUART,RUE MARGUERITE DE ROCHECHOUART,75109,3,82.0,980000,11951,221,48.881676,2.346845
2025-1281201,2025-06-05,2025,50 RUE DE LA GOUTTE D OR,RUE DE LA GOUTTE D OR,75118,3,56.0,440000,7857,278,48.885472,2.350465
2025-1281040,2025-06-13,2025,12 RUE DU DELTA,RUE DU DELTA,75109,2,34.0,404000,11882,79,48.88269,2.348222
2025-1281547,2025-06-16,2025,18 BD BARBES,BD BARBES,75118,3,65.0,375000,5769,209,48.884894,2.35007
2025-1281172,2025-06-18,2025,6 RUE DU DELTA,RUE DU DELTA,75109,1,29.0,245000,8448,91,48.882692,2.349015
2025-1281784,2025-06-25,2025,57 RUE DE DUNKERQUE,RUE DE DUNKERQUE,75109,2,38.0,336500,8855,257,48.881117,2.348974
2025-1282401,2025-06-25,2025,75 RUE MARGUERITE DE ROCHECHOUART,RUE MARGUERITE DE ROCHECHOUART,75109,2,36.0,345000,9583,263,48.881548,2.346116
2025-1283040,2025-06-25,2025,71 RUE DE DUNKERQUE,RUE DE DUNKERQUE,75109,1,10.0,142857,14286,216,48.881589,2.347274
2025-1282231,2025-06-26,2025,8 RUE DU DELTA,RUE DU DELTA,75109,3,73.0,730000,10000,75,48.882719,2.348439
2025-1282811,2025-06-26,2025,12 BD BARBES,BD BARBES,75118,1,10.0,68000,6800,187,48.884567,2.350197
2025-1282008,2025-06-30,2025,2 RUE BRIQUET,RUE BRIQUET,75118,2,33.0,325000,9848,299,48.883502,2.344279
2025-1282502,2025-07-01,2025,10 RUE PIERRE PICARD,RUE PIERRE PICARD,75118,1,12.0,163000,13583,240,48.884938,2.346068
2025-1283230,2025-07-01,2025,6 IMP DU CADRAN,IMP DU CADRAN,75118,2,20.0,240000,12000,191,48.883713,2.345794
2025-1282360,2025-07-02,2025,193 RUE DU FG POISSONNIERE,RUE DU FG POISSONNIERE,75109,2,29.0,140000,4828,59,48.883225,2.349125
2025-1284140,2025-07-02,2025,6 RUE DES ISLETTES,RUE DES ISLETTES,75118,2,49.0,352000,7184,227,48.884381,2.351074
2025-1284632,2025-07-03,2025,82 RUE MARGUERITE DE ROCHECHOUART,RUE MARGUERITE DE ROCHECHOUART,75109,2,41.0,398265,9714,156,48.882308,2.347001
2025-1282953,2025-07-03,2025,6 RUE DES ISLETTES,RUE DES ISLETTES,75118,3,61.0,491500,8057,227,48.884381,2.351074
2025-1283662,2025-07-04,2025,29 BD MARGUERITE DE ROCHECHOUART,BD MARGUERITE DE ROCHECHOUART,75109,3,47.0,464000,9872,202,48.882848,2.345727
2025-1283896,2025-07-07,2025,189 RUE DU FG POISSONNIERE,RUE DU FG POISSONNIERE,75109,1,33.0,145000,4394,39,48.883058,2.348545
2025-1284092,2025-07-07,2025,1 RUE DU DELTA,RUE DU DELTA,75109,2,60.0,940000,15667,149,48.882289,2.34951
2025-1283602,2025-07-07,2025,2 RUE ANDRE DEL SARTE,RUE ANDRE DEL SARTE,75118,1,9.0,60000,6667,284,48.885824,2.347161
2025-1283571,2025-07-08,2025,7 RUE LIVINGSTONE,RUE LIVINGSTONE,75118,2,42.0,405000,9643,266,48.884196,2.344928
2025-1283398,2025-07-09,2025,75 RUE MARGUERITE DE ROCHECHOUART,RUE MARGUERITE DE ROCHECHOUART,75109,2,30.0,478000,15933,263,48.881548,2.346116
2025-1283235,2025-07-09,2025,2 RUE D ORSEL,RUE D ORSEL,75118,5,135.0,1330901,9859,161,48.8842,2.346534
2025-1283172,2025-07-10,2025,177 RUE DU FG POISSONNIERE,RUE DU FG POISSONNIERE,75109,5,133.0,1491749,11216,165,48.882037,2.349268
2025-1284172,2025-07-10,2025,3 SQ PETRELLE,SQ PETRELLE,75109,2,43.0,407140,9468,283,48.880866,2.348895
2025-1284462,2025-07-11,2025,2 RUE DES POISSONNIERS,RUE DES POISSONNIERS,75118,1,19.0,100000,5263,279,48.88559,2.350185
2025-1283361,2025-07-17,2025,89 RUE DE DUNKERQUE,RUE DE DUNKERQUE,75109,1,15.0,273000,18200,261,48.882326,2.345176
2025-1283081,2025-07-17,2025,63 RUE DE LA GOUTTE D OR,RUE DE LA GOUTTE D OR,75118,3,52.0,447000,8596,224,48.885013,2.35018
2025-1284679,2025-07-17,2025,5 RUE SEVESTE,RUE SEVESTE,75118,2,28.0,325000,11607,275,48.883596,2.344614
2025-1283834,2025-07-18,2025,177 RUE DU FG POISSONNIERE,RUE DU FG POISSONNIERE,75109,7,186.0,2215424,11911,165,48.882037,2.349268
2025-1284489,2025-07-23,2025,18 BD BARBES,BD BARBES,75118,1,11.0,50000,4545,209,48.884894,2.35007
2025-1284132,2025-07-25,2025,66 RUE MARGUERITE DE ROCHECHOUART,RUE MARGUERITE DE ROCHECHOUART,75109,1,26.0,237000,9115,260,48.881252,2.346927
2025-1284784,2025-07-25,2025,159 RUE DU FG POISSONNIERE,RUE DU FG POISSONNIERE,75109,4,80.0,690000,8625,289,48.880897,2.349494
2025-1284964,2025-07-30,2025,38 RUE DE DUNKERQUE,RUE DE DUNKERQUE,75109,2,39.0,373000,9564,252,48.881284,2.349615
2025-1284554,2025-07-31,2025,28 RUE PETRELLE,RUE PETRELLE,75109,2,28.0,502807,17957,288,48.880974,2.346963
2025-1284455,2025-07-31,2025,58 BD MARGUERITE DE ROCHECHOUART,BD MARGUERITE DE ROCHECHOUART,75118,3,45.0,320000,7111,252,48.883361,2.344915
2025-1285355,2025-08-01,2025,191 RUE DU FG POISSONNIERE,RUE DU FG POISSONNIERE,75109,1,25.0,254000,10160,60,48.883109,2.349064
2025-1285310,2025-08-01,2025,6 RUE DE CLIGNANCOURT,RUE DE CLIGNANCOURT,75118,1,34.0,539000,15853,110,48.884306,2.347791
2025-1284771,2025-08-07,2025,9 BD BARBES,BD BARBES,75118,2,33.0,287200,8703,185,48.884958,2.349209
2025-1285806,2025-08-26,2025,1 RUE DES POISSONNIERS,RUE DES POISSONNIERS,75118,3,40.0,400000,10000,296,48.885875,2.34981
2025-1286346,2025-08-28,2025,4 RUE D ORSEL,RUE D ORSEL,75118,2,36.0,343600,9544,161,48.8842,2.346534
2025-1285570,2025-08-29,2025,12 PL D ANVERS,PL D ANVERS,75109,1,12.0,180000,15000,277,48.882547,2.34479
2025-1285911,2025-08-29,2025,4 RUE ANDRE DEL SARTE,RUE ANDRE DEL SARTE,75118,1,18.0,168000,9333,290,48.885838,2.346976
2025-1285928,2025-09-04,2025,8 AV TRUDAINE,AV TRUDAINE,75109,2,32.0,456750,14273,262,48.88195,2.345519
2025-1286184,2025-09-04,2025,50 RUE DE LA GOUTTE D OR,RUE DE LA GOUTTE D OR,75118,2,34.0,230000,6765,278,48.885472,2.350465
2025-1286395,2025-09-05,2025,42 RUE DE LA GOUTTE D OR,RUE DE LA GOUTTE D OR,75118,2,31.0,280000,9032,294,48.885227,2.351259
2025-1285800,2025-09-08,2025,3 RUE GERANDO,RUE GERANDO,75109,1,18.0,187000,10389,276,48.882124,2.34512
2025-1285875,2025-09-08,2025,9 RUE DE SOFIA,RUE DE SOFIA,75118,2,26.0,198800,7646,135,48.884598,2.348553
2025-1286332,2025-09-09,2025,4 AV TRUDAINE,AV TRUDAINE,75109,2,50.0,680000,13600,236,48.882043,2.345872
2025-1287032,2025-09-10,2025,25 RUE D ORSEL,RUE D ORSEL,75118,2,30.0,272000,9067,284,48.88375,2.344518
2025-1287791,2025-09-12,2025,81 RUE MARGUERITE DE ROCHECHOUART,RUE MARGUERITE DE ROCHECHOUART,75109,2,44.0,442810,10064,186,48.882329,2.346401
2025-1286865,2025-09-12,2025,7 RUE LIVINGSTONE,RUE LIVINGSTONE,75118,1,47.0,473250,10069,266,48.884196,2.344928
2025-1287409,2025-09-17,2025,15 RUE ANDRE DEL SARTE,RUE ANDRE DEL SARTE,75118,3,41.0,456500,11134,299,48.885536,2.345892
2025-1286944,2025-09-22,2025,83 RUE MARGUERITE DE ROCHECHOUART,RUE MARGUERITE DE ROCHECHOUART,75109,1,19.0,175000,9211,178,48.88243,2.346408
2025-1288232,2025-09-24,2025,25 BD MARGUERITE DE ROCHECHOUART,BD MARGUERITE DE ROCHECHOUART,75109,2,35.0,465000,13286,176,48.882939,2.346053
2025-1287582,2025-09-24,2025,32 BD MARGUERITE DE ROCHECHOUART,BD MARGUERITE DE ROCHECHOUART,75118,2,41.0,370000,9024,80,48.883832,2.347488
2025-1287946,2025-09-29,2025,189 RUE DU FG POISSONNIERE,RUE DU FG POISSONNIERE,75109,1,33.0,245000,7424,39,48.883058,2.348545
2025-1288069,2025-10-02,2025,11 RUE DU DELTA,RUE DU DELTA,75109,2,47.0,434000,9234,138,48.882166,2.348034
2025-1288351,2025-10-03,2025,175 RUE DU FG POISSONNIERE,RUE DU FG POISSONNIERE,75109,4,49.0,480000,9796,192,48.881697,2.348896
2025-1288238,2025-10-06,2025,63 RUE DE LA GOUTTE D OR,RUE DE LA GOUTTE D OR,75118,2,27.0,275000,10185,224,48.885013,2.35018
2025-1289015,2025-10-07,2025,26 RUE PETRELLE,RUE PETRELLE,75109,3,31.0,320000,10323,277,48.881023,2.347184
2025-1287783,2025-10-08,2025,7 RUE CHRISTIANI,RUE CHRISTIANI,75118,1,27.0,248500,9204,196,48.885128,2.34881
2025-1287853,2025-10-10,2025,50 RUE DE LA GOUTTE D OR,RUE DE LA GOUTTE D OR,75118,3,55.0,399600,7265,278,48.885472,2.350465
2025-1289266,2025-10-14,2025,66 RUE MARGUERITE DE ROCHECHOUART,RUE MARGUERITE DE ROCHECHOUART,75109,1,25.0,235000,9400,260,48.881252,2.346927
2025-1288422,2025-10-15,2025,6 RUE DE CLIGNANCOURT,RUE DE CLIGNANCOURT,75118,2,57.0,491500,8623,110,48.884306,2.347791
2025-1288117,2025-10-16,2025,17 RUE DU DELTA,RUE DU DELTA,75109,3,43.0,505000,11744,145,48.882238,2.347434
2025-1289199,2025-10-20,2025,71 RUE DE DUNKERQUE,RUE DE DUNKERQUE,75109,1,13.0,222500,17115,216,48.881589,2.347274
2025-1289072,2025-10-24,2025,7 BD MARGUERITE DE ROCHECHOUART,BD MARGUERITE DE ROCHECHOUART,75109,2,26.0,210000,8077,19,48.883255,2.348514
2025-1289917,2025-10-24,2025,2 RUE LIVINGSTONE,RUE LIVINGSTONE,75118,2,46.0,274000,5957,215,48.88435,2.345814
2025-1289976,2025-10-27,2025,7 RUE CHRISTIANI,RUE CHRISTIANI,75118,4,92.0,920000,10000,196,48.885128,2.34881
2025-1290388,2025-10-29,2025,15 RUE DE SOFIA,RUE DE SOFIA,75118,2,51.0,475000,9314,110,48.884306,2.347791
2025-1289483,2025-10-30,2025,15 RUE DU DELTA,RUE DU DELTA,75109,2,36.0,361400,10039,138,48.882262,2.347576
2025-1290811,2025-10-31,2025,10 RUE PIERRE PICARD,RUE PIERRE PICARD,75118,1,16.0,160750,10047,240,48.884938,2.346068
2025-1289239,2025-11-04,2025,4 RUE D ORSEL,RUE D ORSEL,75118,1,25.0,233000,9320,161,48.8842,2.346534
2025-1289915,2025-11-12,2025,13 RUE DE SOFIA,RUE DE SOFIA,75118,2,24.0,185000,7708,123,48.88449,2.348168
2025-1289905,2025-11-13,2025,92 RUE MARGUERITE DE ROCHECHOUART,RUE MARGUERITE DE ROCHECHOUART,75109,1,23.0,241000,10478,74,48.882927,2.347633
2025-1290096,2025-11-14,2025,28 RUE PETRELLE,RUE PETRELLE,75109,2,34.0,139750,4110,288,48.880974,2.346963
2025-1290651,2025-11-20,2025,17 RUE BELHOMME,RUE BELHOMME,75118,2,44.0,420000,9545,128,48.884541,2.348422
2025-1290638,2025-11-25,2025,15 RUE D ORSEL,RUE D ORSEL,75118,1,19.0,180000,9474,212,48.883933,2.345578
2025-1291467,2025-11-26,2025,7 RUE D ORSEL,RUE D ORSEL,75118,5,91.0,1137200,12497,163,48.883851,2.346245
2025-1291209,2025-11-27,2025,5 RUE CHRISTIANI,RUE CHRISTIANI,75118,3,68.0,634560,9332,196,48.885128,2.34881
2025-1291088,2025-11-28,2025,4 SQ PETRELLE,SQ PETRELLE,75109,5,92.0,1194550,12984,297,48.880788,2.34924
2025-1290614,2025-12-01,2025,13 RUE GERANDO,RUE GERANDO,75109,3,69.0,890100,12900,198,48.882735,2.345837
2025-1291648,2025-12-02,2025,89 RUE DE DUNKERQUE,RUE DE DUNKERQUE,75109,3,58.0,747750,12892,261,48.882326,2.345176
2025-1291413,2025-12-02,2025,2 RUE DES POISSONNIERS,RUE DES POISSONNIERS,75118,1,19.0,200000,10526,279,48.88559,2.350185
2025-1291558,2025-12-03,2025,10 RUE DU DELTA,RUE DU DELTA,75109,3,58.0,825000,14224,75,48.882719,2.348439
2025-1290977,2025-12-04,2025,35 BD MARGUERITE DE ROCHECHOUART,BD MARGUERITE DE ROCHECHOUART,75109,1,67.0,290000,4328,235,48.88277,2.345288
2025-1291097,2025-12-05,2025,64 RUE MARGUERITE DE ROCHECHOUART,RUE MARGUERITE DE ROCHECHOUART,75109,1,24.0,403000,16792,280,48.881058,2.34691
2025-1291303,2025-12-05,2025,22 BD BARBES,BD BARBES,75118,6,142.0,850000,5986,221,48.885079,2.349947
2025-1291695,2025-12-11,2025,4 RUE DU DELTA,RUE DU DELTA,75109,4,77.0,795000,10325,107,48.882592,2.349164
2025-1291378,2025-12-12,2025,183 RUE DU FG POISSONNIERE,RUE DU FG POISSONNIERE,75109,4,90.0,925000,10278,95,48.882741,2.349211
2025-1291366,2025-12-15,2025,78 RUE MARGUERITE DE ROCHECHOUART,RUE MARGUERITE DE ROCHECHOUART,75109,1,14.0,150000,10714,175,48.882142,2.346914
2025-1292260,2025-12-15,2025,189 RUE DU FG POISSONNIERE,RUE DU FG POISSONNIERE,75109,2,47.0,476500,10138,39,48.883058,2.348545
2025-1291431,2025-12-16,2025,71 RUE DE DUNKERQUE,RUE DE DUNKERQUE,75109,1,21.0,210000,10000,216,48.881589,2.347274
2025-1292037,2025-12-16,2025,4 RUE GERANDO,RUE GERANDO,75109,2,35.0,357700,10220,262,48.882003,2.345463
2025-1292546,2025-12-17,2025,24 BD BARBES,BD BARBES,75118,3,90.0,840000,9333,256,48.885449,2.349917
2025-1292625,2025-12-18,2025,4 RUE GERANDO,RUE GERANDO,75109,2,42.0,460000,10952,262,48.882003,2.345463
2025-1292646,2025-12-19,2025,66 RUE MARGUERITE DE ROCHECHOUART,RUE MARGUERITE DE ROCHECHOUART,75109,1,24.0,194000,8083,260,48.881252,2.346927
2025-1292600,2025-12-19,2025,4 RUE D ORSEL,RUE D ORSEL,75118,2,28.0,200000,7143,161,48.8842,2.346534
2025-1292078,2025-12-23,2025,183 RUE DU FG POISSONNIERE,RUE DU FG POISSONNIERE,75109,3,70.0,670000,9571,123,48.882554,2.349457
2025-1292934,2025-12-30,2025,155 BD DE MAGENTA,BD DE MAGENTA,75109,6,172.0,1262500,7340,55,48.883314,2.349106
2025-1292954,2025-12-30,2025,6 RUE DU DELTA,RUE DU DELTA,75109,2,45.0,647620,14392,91,48.882692,2.349015
